,Compound,Date,Negative,Neutral,Positive,Tweet Text,Tweets Ago,User
0,0.0,Wed Mar 07 09:01:50 +0000 2018,0.0,1.0,0.0,Coca-Cola plans Japan foray into alcohol https://t.co/5004c8cnP2,1,BBCWorld
1,0.0,Wed Mar 07 08:26:06 +0000 2018,0.0,1.0,0.0,RT @SallyBundockBBC: #Mattel is marking #InternationalWomensDay with a new set of Barbie dolls - who would you nominate and why? Suggestion‚Ä¶,2,BBCWorld
2,-0.4019,Wed Mar 07 08:17:45 +0000 2018,0.252,0.748,0.0,Terminal illness led to Australia's first same-sex marriage https://t.co/WrPYmBLXE8,3,BBCWorld
3,-0.3818,Wed Mar 07 08:17:43 +0000 2018,0.245,0.755,0.0,Blackberry sues Facebook in fight over app patents https://t.co/LeM00Hwf84,4,BBCWorld
4,0.1531,Wed Mar 07 08:12:47 +0000 2018,0.268,0.352,0.38,Fyre Festival co-founder Billy McFarland admits fraud https://t.co/Hdc266B5do,5,BBCWorld
5,-0.2263,Wed Mar 07 07:56:51 +0000 2018,0.087,0.913,0.0,RT @BBCSteveR: What are today's Russian papers saying about the Sergei Skripal story? There's limited coverage. But one pro-Kremlin paper c‚Ä¶,6,BBCWorld
6,-0.3818,Wed Mar 07 07:36:45 +0000 2018,0.342,0.658,0.0,Bali's battle against plastic pollution https://t.co/fQjzDPbQFh,7,BBCWorld
7,0.5984,Wed Mar 07 07:24:08 +0000 2018,0.0,0.739,0.261,Tomb Raider star: 'It's all very positive' because of feminist movement https://t.co/S5MkFkHP3v,8,BBCWorld
8,-0.5423,Wed Mar 07 04:53:14 +0000 2018,0.364,0.465,0.171,US man admits murder of Indian migrant https://t.co/oYu9X8nMKY,9,BBCWorld
9,0.4939,Wed Mar 07 04:42:50 +0000 2018,0.0,0.686,0.314,Stormy Daniels sues Trump over 'hush agreement' https://t.co/JlGtrLRWsZ,10,BBCWorld
10,0.0,Wed Mar 07 03:55:50 +0000 2018,0.0,1.0,0.0,RT @SallyBundockBBC: Who would you turn into a #Barbie doll for #InternationalWomensDay? Suggestions to #BBCTheBriefing - Nicola Adams says‚Ä¶,11,BBCWorld
11,0.6369,Wed Mar 07 03:42:27 +0000 2018,0.0,0.811,0.189,"RT @BBCNewsAsia: One of the best captains in international cricket. Inside the mind of India's 'greatest', Sourav Ganguly https://t.co/gsct‚Ä¶",12,BBCWorld
12,0.6166,Wed Mar 07 01:57:30 +0000 2018,0.0,0.665,0.335,"Russia MP: 'I don't feel people up. Well, OK, just a little' https://t.co/DEzy4KPBVx",13,BBCWorld
13,-0.2263,Wed Mar 07 01:47:30 +0000 2018,0.087,0.913,0.0,"RT @BBCNewsAsia: On Thursday it will be four years since Malaysia Airlines flight #MH370 disappeared. With the mystery still unsolved, some‚Ä¶",14,BBCWorld
14,0.0,Wed Mar 07 01:38:31 +0000 2018,0.0,1.0,0.0,Australia and East Timor sign historic maritime border deal https://t.co/5gICItKskE,15,BBCWorld
15,0.2732,Wed Mar 07 01:13:18 +0000 2018,0.232,0.421,0.347,Weinstein Company rescue deal collapses https://t.co/kHxO3sbQaG,16,BBCWorld
16,0.0,Wed Mar 07 01:08:18 +0000 2018,0.0,1.0,0.0,"Lessons delivered by taxi, truck and boat https://t.co/ICckY1EHd1",17,BBCWorld
17,0.0,Wed Mar 07 01:08:18 +0000 2018,0.0,1.0,0.0,Sourav Ganguly: Inside the mind of India's 'greatest' cricket captain https://t.co/tAXoKKIWXF,18,BBCWorld
18,0.0,Wed Mar 07 01:08:18 +0000 2018,0.0,1.0,0.0,MH370: Why families oppose plans for a memorial https://t.co/Wx4vhLBO2g,19,BBCWorld
19,0.0,Wed Mar 07 01:02:44 +0000 2018,0.0,1.0,0.0,Making boots from hippopotamus and ostrich https://t.co/pWdi7cG4OI,20,BBCWorld
20,-0.4767,Wed Mar 07 00:57:38 +0000 2018,0.256,0.744,0.0,'Haunted by nightmares' of working for US Border Patrol https://t.co/2TEDFt0J5V,21,BBCWorld
21,-0.6908,Wed Mar 07 00:47:21 +0000 2018,0.281,0.719,0.0,"North Korea used VX nerve agent to kill leader's brother, says US https://t.co/4mLB0FEnII",22,BBCWorld
22,0.0,Wed Mar 07 00:36:45 +0000 2018,0.0,1.0,0.0,The girl who sabotaged her own wedding https://t.co/MmfykZHUPl,23,BBCWorld
23,-0.4019,Wed Mar 07 00:36:43 +0000 2018,0.31,0.69,0.0,Washington DC dumps homeless people's belongings https://t.co/QlzK0WVvse,24,BBCWorld
24,-0.8591,Tue Mar 06 23:47:23 +0000 2018,0.613,0.387,0.0,Canadian man pleads guilty to US terrorism charges https://t.co/1fTaNneVFh,25,BBCWorld
25,0.0,Tue Mar 06 22:54:22 +0000 2018,0.0,1.0,0.0,Albert Einstein note to young female scientist sells at auction https://t.co/R8Pvxmm32m,26,BBCWorld
26,-0.3182,Tue Mar 06 22:49:05 +0000 2018,0.223,0.777,0.0,Gary Cohn: Key Trump economic policy aide resigns https://t.co/aPY6mgjl8p,27,BBCWorld
27,-0.1531,Tue Mar 06 22:38:28 +0000 2018,0.125,0.781,0.094,RT @BBCBreaking: US President Donald Trump‚Äôs top economic adviser Gary Cohn is to resign - White House https://t.co/bdzGAiguww,28,BBCWorld
28,0.0,Tue Mar 06 22:02:59 +0000 2018,0.0,1.0,0.0,Trump tariffs: President says EU making business 'impossible' https://t.co/dt5xukZ1b7,29,BBCWorld
29,0.0,Tue Mar 06 21:57:03 +0000 2018,0.0,1.0,0.0,Michelle Obama dances with Parker the portrait girl https://t.co/cBK9lOZphj,30,BBCWorld
30,0.0,Tue Mar 06 21:40:48 +0000 2018,0.0,1.0,0.0,Rex Tillerson slams China's relationship with Africa https://t.co/a7duVWb0aP,31,BBCWorld
31,0.0,Tue Mar 06 21:29:47 +0000 2018,0.0,1.0,0.0,A party-goer stole Frances McDormand's Oscar statue and bragged about it on social media https://t.co/fWnWYNH401,32,BBCWorld
32,-0.4995,Tue Mar 06 21:22:10 +0000 2018,0.239,0.645,0.116,"President Donald Trump says ""trade wars aren't so bad"" when the US has a trade deficit with many other countries https://t.co/BI6137GSx4",33,BBCWorld
33,-0.1027,Tue Mar 06 21:00:54 +0000 2018,0.149,0.851,0.0,Donald Trump cautious on N Korea nuclear disarmament talks https://t.co/YP1t9Cmpnq,34,BBCWorld
34,0.0,Tue Mar 06 20:41:23 +0000 2018,0.0,1.0,0.0,"Argentina abortion: Referendum 'on the table', government says https://t.co/08PuCy3Ghv",35,BBCWorld
35,0.0,Tue Mar 06 19:23:37 +0000 2018,0.0,1.0,0.0,Digging for a son in Eastern Ghouta https://t.co/IX5kA0R2xh,36,BBCWorld
36,-0.3182,Tue Mar 06 18:23:28 +0000 2018,0.126,0.874,0.0,"Lost WW2 aircraft carrier USS Lexington found after 76 years off the coast of Australia

https://t.co/T3dq3C3QY8 https://t.co/yzCg9JMki2",37,BBCWorld
37,-0.4939,Tue Mar 06 17:48:34 +0000 2018,0.348,0.652,0.0,Watch Frances McDormand's Oscar being stolen https://t.co/Lq8DnGZwLI,38,BBCWorld
38,0.0,Tue Mar 06 17:28:55 +0000 2018,0.0,1.0,0.0,Crowd catches little girl from ski lift fall https://t.co/CvM33wpmzK,39,BBCWorld
39,-0.2263,Tue Mar 06 16:46:28 +0000 2018,0.098,0.844,0.058,"RT @BBCSport: Fiorentina have retired the shirt number worn by Davide Astori.

His former club Cagliari have done the same.

üëâ https://t.co‚Ä¶",40,BBCWorld
40,-0.4767,Tue Mar 06 16:36:56 +0000 2018,0.279,0.721,0.0,Rwanda church closures: Pastors arrested for defying order https://t.co/a7O9AdBvhD,41,BBCWorld
41,0.0,Tue Mar 06 16:32:17 +0000 2018,0.0,1.0,0.0,"Leaders from North Korea, China, Uganda, Russia, Iraq, Cuba and Syria https://t.co/hO105CFul9",42,BBCWorld
42,-0.7783,Tue Mar 06 16:17:44 +0000 2018,0.459,0.541,0.0,USS Lexington: World War Two aircraft carrier wreck found https://t.co/m8oUxkAjTc,43,BBCWorld
43,0.0,Tue Mar 06 16:12:46 +0000 2018,0.0,1.0,0.0,The future of fast food? üçî https://t.co/EJVxGJCKd7,44,BBCWorld
44,0.0,Tue Mar 06 15:58:16 +0000 2018,0.0,1.0,0.0,'Their blood is on your hands' https://t.co/l01nszDJVK,45,BBCWorld
45,0.0,Tue Mar 06 15:53:22 +0000 2018,0.0,1.0,0.0,Trump slumps on Forbes billionaires list https://t.co/O0ksA4gBQs,46,BBCWorld
46,0.6705,Tue Mar 06 15:36:10 +0000 2018,0.0,0.776,0.224,RT @BBCFergusWalsh: Four dementia scientists share 1m Euro brain prize for pivotal work unpicking the protein changes that lead to Alzheime‚Ä¶,47,BBCWorld
47,0.0,Tue Mar 06 15:25:24 +0000 2018,0.0,1.0,0.0,"RT @BBCNews: When a robin photobombs your picture‚Ä¶ 

@AmandaPache, from Edinburgh, was filming a walk in the snow when this happened https:‚Ä¶",48,BBCWorld
48,0.3818,Tue Mar 06 14:58:12 +0000 2018,0.0,0.816,0.184,"RT @BBC_HaveYourSay: RuPaul called the trans community ‚Äúheroes of our shared LGBTQ movement‚Äù in his apology üè≥Ô∏è‚Äçüåà

https://t.co/do7V7kTGUQ",49,BBCWorld
49,0.8225,Tue Mar 06 14:34:51 +0000 2018,0.0,0.479,0.521,'Super Monster Wolf' a success in Japan farming trials https://t.co/V0mYNFz0mw,50,BBCWorld
50,0.0,Tue Mar 06 14:21:11 +0000 2018,0.0,1.0,0.0,"What is populism, and what does the term actually mean? https://t.co/GIMtXSrh0D",51,BBCWorld
51,-0.7351,Tue Mar 06 13:54:46 +0000 2018,0.508,0.492,0.0,Russian plane crash in Syria 'kills 32' https://t.co/VAak593ePD,52,BBCWorld
52,-0.6124,Tue Mar 06 13:47:52 +0000 2018,0.193,0.746,0.061,"RT @BBCBreaking: Russian military plane crashes in Syria killing 26 passengers and six crew members, defence ministry says https://t.co/sJx‚Ä¶",53,BBCWorld
53,-0.4215,Tue Mar 06 13:34:58 +0000 2018,0.219,0.781,0.0,Diver swims through thick soup of plastic waste near Bali https://t.co/u3NbHqmYln,54,BBCWorld
54,0.0,Tue Mar 06 13:09:54 +0000 2018,0.0,1.0,0.0,Estonian district votes to get cannabis leaf flag https://t.co/xsW4OojXPG,55,BBCWorld
55,0.0,Tue Mar 06 12:33:18 +0000 2018,0.0,1.0,0.0,Diver films sea of plastic off Nusa Penida near Bali https://t.co/KIcXSDHzcn,56,BBCWorld
56,0.4939,Tue Mar 06 12:21:35 +0000 2018,0.097,0.664,0.239,"RT @BBCSport: A great gesture.

Fiorentina and Cagliari have retired the shirt number worn by Davide Astori.

More: https://t.co/zwgwAocKba‚Ä¶",57,BBCWorld
57,0.34,Tue Mar 06 12:10:57 +0000 2018,0.0,0.726,0.274,France to fix legal age of sexual consent as 15 https://t.co/wy8ZNsoaSO,58,BBCWorld
58,-0.34,Tue Mar 06 12:01:15 +0000 2018,0.231,0.769,0.0,Florida shooting: State lawmakers pass gun control measures https://t.co/47vnK7PlhY,59,BBCWorld
59,0.4215,Tue Mar 06 12:01:15 +0000 2018,0.0,0.763,0.237,World's last male northern white rhino Sudan improves slightly https://t.co/jP2x0pIyz4,60,BBCWorld
60,0.0,Tue Mar 06 11:43:07 +0000 2018,0.0,1.0,0.0,"Oldest message in a bottle found on beach in Western Australia

It's almost 132 years old üò≤

https://t.co/1nTKs6kAd7 https://t.co/Z6TJHAQKcN",61,BBCWorld
61,-0.4939,Tue Mar 06 11:38:43 +0000 2018,0.314,0.686,0.0,Hong Kong 'tiger' scare after feline sighting https://t.co/prRP0Q5aa1,62,BBCWorld
62,-0.7906,Tue Mar 06 11:21:00 +0000 2018,0.5,0.5,0.0,Syria war: 'Chlorine attack' on besieged Eastern Ghouta https://t.co/51skSNZBah,63,BBCWorld
63,-0.8625,Tue Mar 06 11:16:35 +0000 2018,0.578,0.422,0.0,Sri Lanka violence: State of emergency declared over attacks https://t.co/nkBX7UTmTR,64,BBCWorld
64,0.0,Tue Mar 06 10:49:57 +0000 2018,0.0,1.0,0.0,New Zealand census campaigner takes to his TARDIS https://t.co/MGzKZgsM0z,65,BBCWorld
65,0.0,Tue Mar 06 10:46:08 +0000 2018,0.0,1.0,0.0,Life of Pi actor has 'rare disease' https://t.co/k5YUe7iIDj,66,BBCWorld
66,0.0,Tue Mar 06 10:37:07 +0000 2018,0.0,1.0,0.0,Oldest message in a bottle found on West Australia beach https://t.co/PedW4Ur0Jp,67,BBCWorld
67,0.0,Tue Mar 06 09:54:45 +0000 2018,0.0,1.0,0.0,RT @BBCSport: üéæ WTA beware... Serena is back! https://t.co/njCUjsVIXO,68,BBCWorld
68,0.0,Tue Mar 06 08:49:06 +0000 2018,0.0,1.0,0.0,The story of women's football in 10 objects https://t.co/lgTnzIASOH,69,BBCWorld
69,-0.4588,Tue Mar 06 08:45:37 +0000 2018,0.12,0.88,0.0,"RT @BBCSport: 'Oh captain, my captain. Why did you not come down to have breakfast with us all?'

A heartbreaking tribute to Davide Astori‚Ä¶",70,BBCWorld
70,0.4466,Tue Mar 06 08:36:16 +0000 2018,0.0,0.891,0.109,"RT @BBCSport: ""As long as I'm moving forward, even if it's at a turtle's pace, then I'm OK with that.""

Serena Williams is back üëä

More fro‚Ä¶",71,BBCWorld
71,-0.4215,Tue Mar 06 08:35:40 +0000 2018,0.123,0.877,0.0,"RT @BBCMonitoring: Kremlin spokesman Dmitry Peskov calls the incident ""tragic"" but says Moscow has no information on what happened to #Skri‚Ä¶",72,BBCWorld
72,-0.6249,Tue Mar 06 08:35:33 +0000 2018,0.181,0.819,0.0,RT @SallyBundockBBC: Should the food industry be forced to cut the fat? Should we be told by a government body how many calories we can eat‚Ä¶,73,BBCWorld
73,0.2732,Tue Mar 06 08:31:17 +0000 2018,0.0,0.811,0.189,"RT @BBCNews: A surprising new afterlife for chewing gum ‚ôªÔ∏è

https://t.co/1d1oT6aQoW",74,BBCWorld
74,-0.4404,Tue Mar 06 08:02:11 +0000 2018,0.244,0.756,0.0,Kobe Steel chief Hiroya Kawasaki quits after data scandal https://t.co/lewlw9HD15,75,BBCWorld
75,-0.4019,Tue Mar 06 08:01:09 +0000 2018,0.119,0.881,0.0,"RT @BBCSteveR: As a former Russian double agent fights for his life in a UK hospital, today's Russian papers quote Vladimir Putin thanking‚Ä¶",76,BBCWorld
76,0.0,Tue Mar 06 07:22:29 +0000 2018,0.0,1.0,0.0,"Yusuf, 14, aims to be first US Muslim president https://t.co/GM0mC0gnAi",77,BBCWorld
77,-0.6249,Tue Mar 06 07:18:09 +0000 2018,0.339,0.661,0.0,Rohingya crisis: UN envoy says ethnic cleansing continues https://t.co/j6TmE4o2hb,78,BBCWorld
78,0.25,Tue Mar 06 07:18:09 +0000 2018,0.0,0.8,0.2,Emma Watson jokes she needs a tattoo proof reader https://t.co/UYBob11AjG,79,BBCWorld
79,-0.7351,Tue Mar 06 06:29:03 +0000 2018,0.547,0.312,0.141,Top S Korean politician resigns over rape https://t.co/nrdTYIQTec,80,BBCWorld
80,-0.4019,Tue Mar 06 06:21:27 +0000 2018,0.194,0.737,0.069,RT @BBCNewsAsia: A South Korean politician once tipped as a presidential contender has resigned after his secretary publicly accused him of‚Ä¶,81,BBCWorld
81,-0.3818,Tue Mar 06 05:43:48 +0000 2018,0.245,0.755,0.0,Panama hotel removes Trump branding after court battle https://t.co/WnQUXn2AiQ,82,BBCWorld
82,-0.3818,Tue Mar 06 04:54:34 +0000 2018,0.224,0.776,0.0,Afrin: What is going on in Syria's other battle? https://t.co/WfZ9BlFlGb,83,BBCWorld
83,-0.1531,Tue Mar 06 04:46:31 +0000 2018,0.211,0.789,0.0,"Child marriage numbers falling, says Unicef https://t.co/5Q28Q7V5e7",84,BBCWorld
84,-0.3182,Tue Mar 06 04:28:34 +0000 2018,0.187,0.813,0.0,USS Lexington: Lost WW2 aircraft carrier found after 76 years https://t.co/X88a5mWv8y,85,BBCWorld
85,0.5859,Tue Mar 06 02:30:06 +0000 2018,0.0,0.853,0.147,"RT @BBCNewsAsia: Who says that beauty only comes in one size? 

Plus-size actress and Taiwanese social media celeb Wang Chi wants to prove‚Ä¶",86,BBCWorld
86,0.0,Tue Mar 06 01:44:14 +0000 2018,0.0,1.0,0.0,RT @BBCNewsAsia: Are you one of the WeChat billion? https://t.co/QY7ZsOnWhH,87,BBCWorld
87,0.0,Tue Mar 06 01:40:31 +0000 2018,0.0,1.0,0.0,"RT @BBCNewsAsia: North Korea's Kim Jong-un says he wants to ""write a new history of national reunification"" with South Korea, state media r‚Ä¶",88,BBCWorld
88,0.0,Tue Mar 06 00:59:31 +0000 2018,0.0,1.0,0.0,WeChat hits one billion monthly users - are you one of them? https://t.co/Qlygr0ZZNN,89,BBCWorld
89,-0.6369,Tue Mar 06 00:55:11 +0000 2018,0.296,0.704,0.0,Is India's Bangalore doomed to be the next Cape Town? https://t.co/wxgjNFHrBS,90,BBCWorld
90,0.0,Tue Mar 06 00:55:11 +0000 2018,0.0,1.0,0.0,Fancy charging up your electric car in 10 minutes? https://t.co/XmZeMDu7FL,91,BBCWorld
91,0.0,Tue Mar 06 00:50:58 +0000 2018,0.0,1.0,0.0,A different portrait of black fatherhood https://t.co/iSr4EFLDvn,92,BBCWorld
92,0.0,Tue Mar 06 00:37:47 +0000 2018,0.0,1.0,0.0,Should China's Xi Jinping be president for life? https://t.co/xM5LrJdnig,93,BBCWorld
93,0.0,Tue Mar 06 00:33:37 +0000 2018,0.0,1.0,0.0,N Korea's Kim 'to advance' closer ties with South https://t.co/g8D2rv9Nh0,94,BBCWorld
94,-0.6249,Mon Mar 05 23:21:52 +0000 2018,0.369,0.631,0.0,Syria crisis: Aid convoy inside Eastern Ghouta https://t.co/h9KQ9lxDCa,95,BBCWorld
95,0.0,Mon Mar 05 23:21:52 +0000 2018,0.0,1.0,0.0,'Maisie is the face of change' https://t.co/fS5gdgQGxQ,96,BBCWorld
96,0.4588,Mon Mar 05 22:33:54 +0000 2018,0.0,0.75,0.25,Oscars 2018: US TV audience smallest for awards ceremony https://t.co/UegYh8KClM,97,BBCWorld
97,0.5574,Mon Mar 05 22:25:22 +0000 2018,0.0,0.66,0.34,NFL wowed by one-handed player Shaquem Griffin https://t.co/bkgiY8bo6K,98,BBCWorld
98,0.0,Mon Mar 05 21:02:08 +0000 2018,0.0,1.0,0.0,Russian spy incident: What we know https://t.co/usdtsWH7Hu,99,BBCWorld
99,0.0,Mon Mar 05 21:02:08 +0000 2018,0.0,1.0,0.0,Trump-Russia: Ex-aide refuses to co-operate with Mueller probe https://t.co/h9McKQN4tg,100,BBCWorld
100,0.2023,Wed Mar 07 09:03:46 +0000 2018,0.0,0.816,0.184,Top Emirates adviser cooperating with Mueller: Report https://t.co/t9QCMH9TV0 https://t.co/2MO246sueL,1,CBSNews
101,-0.6249,Wed Mar 07 08:48:03 +0000 2018,0.282,0.718,0.0,"Nashville Mayor Megan Barry pleads guilty to theft, resigns after admitting to affair https://t.co/UV4mWcCupv https://t.co/ENDuFGhMIr",2,CBSNews
102,-0.34,Wed Mar 07 08:33:08 +0000 2018,0.146,0.854,0.0,DNA leads to arrest in 1986 cold case slayings of two young women https://t.co/MvlCE4ftoX https://t.co/XQ0nkGJeCQ,3,CBSNews
103,-0.4215,Wed Mar 07 08:18:10 +0000 2018,0.157,0.843,0.0,"Man who yelled ""get out my country"" before shooting immigrants in bar pleads guilty https://t.co/66UvvMkSUu https://t.co/oNlJeuzM8j",4,CBSNews
104,-0.7579,Wed Mar 07 08:03:28 +0000 2018,0.394,0.606,0.0,"Video shows man holding girl, 4, amid violent bar fight https://t.co/b00RQAO0vW https://t.co/E9YwTJ1856",5,CBSNews
105,0.0,Wed Mar 07 07:48:04 +0000 2018,0.0,1.0,0.0,GoPro footage captures avalanche trapping snowboarder on California mountain https://t.co/FNaFQlTSZE https://t.co/VPDxhG2A8q,6,CBSNews
106,-0.802,Wed Mar 07 07:33:06 +0000 2018,0.419,0.581,0.0,"Tony Award-winning actress injured, daughter killed by car in crosswalk https://t.co/rPO7RgZ8Xc https://t.co/Lm5NseIaQK",7,CBSNews
107,0.0,Wed Mar 07 07:18:10 +0000 2018,0.0,1.0,0.0,"Prosecutor: Mom returned to work after 8-year-old son shot sister, 4 https://t.co/QHqxZP3eMD https://t.co/QGdJQ5Aodv",8,CBSNews
108,-0.2263,Wed Mar 07 07:03:10 +0000 2018,0.119,0.881,0.0,Ex-ESPN on-air personality says in lawsuit male employees openly watched porn at work https://t.co/pjEQe3l38B https://t.co/fyrvfchyNV,9,CBSNews
109,-0.8957,Wed Mar 07 06:54:05 +0000 2018,0.545,0.455,0.0,"Cop shot dead, 2 others wounded, suspect found dead in home https://t.co/Z0leIVkkAD https://t.co/m7kvHErhMw",10,CBSNews
110,-0.5994,Wed Mar 07 06:48:03 +0000 2018,0.218,0.782,0.0,Man makes son run to school for being kicked off bus for bullying https://t.co/vw0FKUPDfi https://t.co/kDo8yCUvcR,11,CBSNews
111,-0.875,Wed Mar 07 06:33:04 +0000 2018,0.5,0.5,0.0,DNA evidence links 1994 Montana killing to convicted murderer https://t.co/womHAy2BSH https://t.co/rduGWiJjw6,12,CBSNews
112,-0.9001,Wed Mar 07 06:18:09 +0000 2018,0.5,0.5,0.0,Pregnant mom charged in Maine girl's beating death is being abused in jail: attorney https://t.co/K52TFxLin9 https://t.co/tn5LO50k7I,13,CBSNews
113,-0.6808,Wed Mar 07 06:03:43 +0000 2018,0.365,0.635,0.0,"Police: Man raped daughter, fathered her 2 children https://t.co/dFGNTL5SsI https://t.co/74LkB4HrsR",14,CBSNews
114,-0.4215,Wed Mar 07 05:48:03 +0000 2018,0.189,0.811,0.0,"Oprah Winfrey explores revolutionary approach to childhood trauma for ""60 Minutes"" https://t.co/BjOOJfFbHW https://t.co/xPFmarJsCm",15,CBSNews
115,-0.25,Wed Mar 07 05:33:09 +0000 2018,0.337,0.435,0.228,Basketball star Kevin Love opens up about panic attacks https://t.co/2QQtLDwfsP https://t.co/Eve7FYxoTF,16,CBSNews
116,0.4404,Wed Mar 07 05:18:08 +0000 2018,0.0,0.791,0.209,"Japanese volcano spews ash, lava in strongest eruption in years https://t.co/BitRkvBvuq https://t.co/6JvZ8Fhx7l",17,CBSNews
117,0.6705,Wed Mar 07 05:07:56 +0000 2018,0.0,0.776,0.224,Sen. Ted Cruz and Rep. Beto O'Rourke took the nomination for their respective parties in the primaries. Both will f‚Ä¶ https://t.co/YRKeBDsJLG,18,CBSNews
118,0.0,Wed Mar 07 05:00:11 +0000 2018,0.0,1.0,0.0,"Jared Kushner to visit Mexico, meet with Mexican president https://t.co/N27bWoM11j https://t.co/3IK7SLp23y",19,CBSNews
119,0.3182,Wed Mar 07 04:50:01 +0000 2018,0.0,0.892,0.108,McDonald's is serving Quarter Pounders with fresh beef rather than frozen patties at about a quarter of its U.S. re‚Ä¶ https://t.co/DbO5egblQq,20,CBSNews
120,0.0,Wed Mar 07 04:43:32 +0000 2018,0.0,1.0,0.0,"Texas' Republican Gov. Greg Abbott, who helped lead the state through Hurricane Harvey last fall, is all-but-certai‚Ä¶ https://t.co/qkvoNCGXLt",21,CBSNews
121,-0.6597,Wed Mar 07 04:32:01 +0000 2018,0.27,0.635,0.095,The State Department announced it has determined North Korea used chemical weapons last year in the assassination o‚Ä¶ https://t.co/W8rLcp6kOt,22,CBSNews
122,0.4215,Wed Mar 07 04:25:03 +0000 2018,0.0,0.887,0.113,The Northeast is bracing for its second powerful storm in four days ‚Äì‚Äì even as cities along the East Coast have yet‚Ä¶ https://t.co/KttH6kVXBZ,23,CBSNews
123,-0.5574,Wed Mar 07 03:56:01 +0000 2018,0.153,0.847,0.0,"Spurred by last year's mass shooting in Las Vegas, Washington became the latest in a handful of states to ban trigg‚Ä¶ https://t.co/OJLuNZZ23c",24,CBSNews
124,0.0,Wed Mar 07 03:35:01 +0000 2018,0.0,1.0,0.0,A CBS News investigation of child labor in cobalt mines in the Democratic Republic of Congo has revealed that tens‚Ä¶ https://t.co/GHBwAfZIOp,25,CBSNews
125,0.0,Wed Mar 07 03:35:01 +0000 2018,0.0,1.0,0.0,The former CEO of a payday lending company that had been under investigation by the Consumer Financial Protection B‚Ä¶ https://t.co/1hOp28Hhc0,26,CBSNews
126,-0.8834,Wed Mar 07 03:15:03 +0000 2018,0.407,0.593,0.0,Indiana prosecutor files murder charges against a man in the fatal shooting of a sheriff's deputy during a foot cha‚Ä¶ https://t.co/1wkUE3J6BQ,27,CBSNews
127,0.0,Wed Mar 07 03:03:30 +0000 2018,0.0,1.0,0.0,"RT @CBSEveningNews: NOW: @CBSEveningNews with @JeffGlor airs in its entirety on CBSN, @CBSNews' 24/7 streaming news service https://t.co/Me‚Ä¶",28,CBSNews
128,0.2878,Wed Mar 07 02:49:01 +0000 2018,0.0,0.898,0.102,"CBS News analyzed more than a decade's worth of House voting patterns, looking at trends in every district's past v‚Ä¶ https://t.co/3jntx3cicy",29,CBSNews
129,0.0,Wed Mar 07 02:40:55 +0000 2018,0.0,1.0,0.0,"@CBSNews Michael Avenatti, the attorney representing Stormy Daniels, will be on @CBSThisMorning, Wednesday, March 7‚Ä¶ https://t.co/xyvdH2eFJK",30,CBSNews
130,0.6369,Wed Mar 07 02:30:01 +0000 2018,0.07,0.65,0.28,"In Oval Office, President Trump expresses cautious optimism about North Korea's apparent willingness to negotiate‚Ä¶ https://t.co/j6OjbJS1tZ",31,CBSNews
131,0.2732,Wed Mar 07 02:28:00 +0000 2018,0.0,0.896,0.104,"@CBSNews In October 2016, she accepted $130,000 from Mr. Trump's longtime attorney Michael Cohen in exchange for he‚Ä¶ https://t.co/kgoAXWzAM5",32,CBSNews
132,0.3182,Wed Mar 07 02:14:02 +0000 2018,0.095,0.746,0.159,"Adult film performer Stormy Daniels files lawsuit to void non-disclosure agreement with President Trump, claiming h‚Ä¶ https://t.co/JBv9CGngko",33,CBSNews
133,0.8271,Wed Mar 07 02:11:01 +0000 2018,0.0,0.617,0.383,"JUST IN: Justice Department plans to sue California over ""sanctuary"" laws that help protect undocumented immigrants‚Ä¶ https://t.co/o5q38eZlUV",34,CBSNews
134,0.4215,Wed Mar 07 01:35:49 +0000 2018,0.0,0.872,0.128,"President John Tyler, who served from 1841 to 1845, was the United States' tenth commander-in-chief; two of his gra‚Ä¶ https://t.co/rqsghbEPfY",35,CBSNews
135,0.0,Wed Mar 07 01:20:01 +0000 2018,0.0,1.0,0.0,Texas is holding the first primary of the 2018 midterm election season. Track updates here: https://t.co/TkuvTA3480 https://t.co/LMAiVcI0Kb,36,CBSNews
136,0.0,Wed Mar 07 01:10:01 +0000 2018,0.0,1.0,0.0,"In 45 states, opioid overdoses rose 30 percent in a year, according to new data from the CDC, indicating that the U‚Ä¶ https://t.co/6iKGF11Pnq",37,CBSNews
137,0.0,Wed Mar 07 00:50:01 +0000 2018,0.0,1.0,0.0,Speculation over Gary Cohn's tenure in the White House ramped up last week after Pres. Trump announced the 25 perce‚Ä¶ https://t.co/NcqqKRg1md,38,CBSNews
138,0.0,Wed Mar 07 00:30:02 +0000 2018,0.0,1.0,0.0,"The northeast is bracing for round two -- a second major storm in four days; heavy snow, rain and high winds will m‚Ä¶ https://t.co/3x1ofE4hZ3",39,CBSNews
139,-0.1779,Wed Mar 07 00:10:43 +0000 2018,0.141,0.747,0.112,"White House aide Kellyanne Conway violated the Hatch Act on two separate occasions, the Office of Special Counsel c‚Ä¶ https://t.co/uweIuFHChL",40,CBSNews
140,-0.1027,Wed Mar 07 00:07:41 +0000 2018,0.062,0.938,0.0,"""I find it hard to believe."" Two grandsons of former U.S. president John Tyler are still around nearly 175 after Ty‚Ä¶ https://t.co/qpMpX1xgNk",41,CBSNews
141,-0.128,Tue Mar 06 23:58:03 +0000 2018,0.077,0.923,0.0,Most public schools will be open in West Virginia tomorrow. Teachers are ending their strike and getting a raise.‚Ä¶ https://t.co/nJ8oi1HnZ5,42,CBSNews
142,0.0,Tue Mar 06 23:56:29 +0000 2018,0.0,1.0,0.0,CBS News investigates the mining of cobalt used in many lithium ion batteries. More than half the world's cobalt co‚Ä¶ https://t.co/7Pebz7gCCA,43,CBSNews
143,-0.8689,Tue Mar 06 23:52:10 +0000 2018,0.366,0.634,0.0,"New numbers out today show America's opioid crisis is getting worse. In 45 states, emergency room visits for opioid‚Ä¶ https://t.co/tq1WQvxDur",44,CBSNews
144,0.0,Tue Mar 06 23:49:53 +0000 2018,0.0,1.0,0.0,.@WBZ's @ericfisher breaks down the projected snowfall along the East Coast as another major nor'easter approaches. https://t.co/GfVvrt4T1v,45,CBSNews
145,0.0,Tue Mar 06 23:44:20 +0000 2018,0.0,1.0,0.0,"The Northeast is bracing for round two tonight, a second major storm in four days. Heavy snow, rain, and wind will‚Ä¶ https://t.co/4NxfFSrvZ8",46,CBSNews
146,0.3612,Tue Mar 06 23:41:25 +0000 2018,0.0,0.889,0.111,North Korean leader Kim Jong Un is reportedly ready to open talks with the U.S. about scrapping his nuclear arsenal‚Ä¶ https://t.co/5W6IrIqySe,47,CBSNews
147,-0.25,Tue Mar 06 23:37:40 +0000 2018,0.125,0.875,0.0,"The president's chief economic adviser, Gary Cohn, resigned. @nancycordes has more on the @CBSEveningNews.‚Ä¶ https://t.co/CtnznV4iy0",48,CBSNews
148,0.0,Tue Mar 06 23:14:01 +0000 2018,0.0,1.0,0.0,Hard-hit New England prepares for another massive winter storm after last week's deadly nor'easter.‚Ä¶ https://t.co/181VINSUT9,49,CBSNews
149,-0.1531,Tue Mar 06 22:48:59 +0000 2018,0.099,0.826,0.074,"JUST IN: Gary Cohn, Pres. Trump's top economic adviser, to resign; the exit of the Goldman Sachs alum, who has serv‚Ä¶ https://t.co/QHxCwNP0kU",50,CBSNews
150,0.4939,Tue Mar 06 22:30:01 +0000 2018,0.0,0.856,0.144,"President Trump praised Sweden as one of the largest investors in the U.S., specifically, the eighth largest. CBS N‚Ä¶ https://t.co/OZDkXJ418u",51,CBSNews
151,-0.3818,Tue Mar 06 22:04:18 +0000 2018,0.11,0.89,0.0,"The USS Lexington, nicknamed ""Lady Lex,"" was crippled during a battle in 1942 and was just found off the coast of A‚Ä¶ https://t.co/8fW81xsdgh",52,CBSNews
152,-0.7096,Tue Mar 06 21:45:01 +0000 2018,0.318,0.578,0.105,"In patients with chronic back pain or hip or knee arthritis, opioids worked no better than over-the-counter pain re‚Ä¶ https://t.co/2CV29FNUAS",53,CBSNews
153,0.3818,Tue Mar 06 21:30:45 +0000 2018,0.0,0.88,0.12,"""Flippy,"" a machine that costs $60,000 to $100,000, depending on its features, and is said to be capable of flippin‚Ä¶ https://t.co/ey7boauh7k",54,CBSNews
154,-0.1531,Tue Mar 06 21:11:21 +0000 2018,0.082,0.918,0.0,Q: What do you think Sweden should learn from how the Russian influence campaign affected the presidential election‚Ä¶ https://t.co/O9dNeXyNfc,55,CBSNews
155,0.0,Tue Mar 06 21:07:03 +0000 2018,0.0,1.0,0.0,"When asked about seeing change in his White House cabinet or with Attorney General Jeff Sessions, Trump said, ""Ther‚Ä¶ https://t.co/QRQ1gl1Qa0",56,CBSNews
156,-0.228,Tue Mar 06 20:57:12 +0000 2018,0.201,0.66,0.138,"Q: How do you avoid this escalating trade war?
Trump: We will straighten it out. We'll do it in a very loving way.‚Ä¶ https://t.co/taoCllWlxL",57,CBSNews
157,0.1027,Tue Mar 06 20:53:53 +0000 2018,0.106,0.769,0.125,".@POTUS reaffirms commitment to impose tariffs despite objections from GOP leaders, saying we cannot ""lose"" steel a‚Ä¶ https://t.co/FwDFlJZlkS",58,CBSNews
158,0.4939,Tue Mar 06 20:50:04 +0000 2018,0.0,0.802,0.198,".@POTUS announces Sweden plans to procure military deal worth $3 billion with U.S. that ""will increase stability an‚Ä¶ https://t.co/DzZoJh1a8J",59,CBSNews
159,0.296,Tue Mar 06 20:41:31 +0000 2018,0.0,0.901,0.099,"WATCH LIVE: Pres. Trump, Swedish PM hold joint news conference at White House after Trump comments on prospect of t‚Ä¶ https://t.co/PVEm20sVTC",60,CBSNews
160,-0.296,Tue Mar 06 20:30:02 +0000 2018,0.115,0.885,0.0,SOON: President Trump holds joint news conference with Swedish prime minister after announcing plan to impose tarif‚Ä¶ https://t.co/Qmfl9lodeH,61,CBSNews
161,-0.0772,Tue Mar 06 20:15:53 +0000 2018,0.071,0.929,0.0,"President Trump says there's a ""serious effort"" underway with the North and South Koreans following news that North‚Ä¶ https://t.co/T9PcFi9KPP",62,CBSNews
162,0.0,Tue Mar 06 20:00:31 +0000 2018,0.0,1.0,0.0,The little girl who was photographed looking awestruck at Michelle Obama's portrait got to meet -- and dance -- wit‚Ä¶ https://t.co/aPxki5zzVt,63,CBSNews
163,-0.5267,Tue Mar 06 19:45:01 +0000 2018,0.159,0.841,0.0,"White House aide and spokesperson Kellyanne Conway violated the Hatch Act on two separate occasions, Office of Spec‚Ä¶ https://t.co/0qQ6G0Jvia",64,CBSNews
164,-0.2732,Tue Mar 06 19:31:54 +0000 2018,0.116,0.884,0.0,U.S. embassy workers have been warned after an apparent explosive device was found on a Mexican ferry:‚Ä¶ https://t.co/dYEeaSMyLW,65,CBSNews
165,0.4588,Tue Mar 06 19:30:03 +0000 2018,0.083,0.72,0.197,"""You are certainly going to find out very soon what is happening. We have made progress. There is no question about‚Ä¶ https://t.co/Wruo0TNoJe",66,CBSNews
166,0.2263,Tue Mar 06 19:28:37 +0000 2018,0.0,0.917,0.083,"""We are prepared to go either way. I think their statement and the statements coming out of South Korea and North K‚Ä¶ https://t.co/Dt5Hkaylv1",67,CBSNews
167,0.0,Tue Mar 06 19:26:35 +0000 2018,0.0,1.0,0.0,MOMENTS AGO: President Trump speaks on possible talks with North Korea https://t.co/71XSXGktQj https://t.co/f4weComftB,68,CBSNews
168,0.0,Tue Mar 06 19:10:01 +0000 2018,0.0,1.0,0.0,"Chinese space lab might fall back to Earth this month, European Space Agency estimates: https://t.co/otLn5buWuk https://t.co/SnIx1Y3191",69,CBSNews
169,-0.4588,Tue Mar 06 18:53:33 +0000 2018,0.167,0.833,0.0,"Hard numbers:
‚ñ™Ô∏è 0: State Dept. has spent 0 of $120M allocated to fight Russian meddling
‚ñ™Ô∏è0: Zero of the 23 analys‚Ä¶ https://t.co/7a7UBdOtuN",70,CBSNews
170,0.7003,Tue Mar 06 18:36:35 +0000 2018,0.0,0.673,0.327,"Conditions North Korea may want in talks with the U.S.:
‚ñ™Ô∏è Sanctions relief
‚ñ™Ô∏è Security guarantees‚Ä¶ https://t.co/lw7PRFTgba",71,CBSNews
171,0.0,Tue Mar 06 18:32:50 +0000 2018,0.0,1.0,0.0,"In a rare move, North Korean leader Kim Jong Un met with South Korean delegates in Pyongyang. Here‚Äôs what you need‚Ä¶ https://t.co/pWLQde7U26",72,CBSNews
172,-0.2023,Tue Mar 06 18:25:01 +0000 2018,0.114,0.886,0.0,A doctors' group has issued new -- and controversial -- guidance on managing type 2 diabetes:‚Ä¶ https://t.co/lJzHUOP8h7,73,CBSNews
173,-0.296,Tue Mar 06 18:10:01 +0000 2018,0.128,0.872,0.0,District attorney weighs in after Tennessee trooper is accused of groping woman during traffic stop:‚Ä¶ https://t.co/ZZOX3fqFgB,74,CBSNews
174,0.0258,Tue Mar 06 18:02:48 +0000 2018,0.0,0.952,0.048,"RT @CBSEveningNews: Video taken from aboard an Ohio City Transit Bus shows the coach slamming into the rear of one parked vehicle, continui‚Ä¶",75,CBSNews
175,-0.4404,Tue Mar 06 17:55:01 +0000 2018,0.121,0.879,0.0,A block of snow fell from a roof and buried a mother and her 7-year-old son just feet from the front door of their‚Ä¶ https://t.co/1B9bjXHj7O,76,CBSNews
176,-0.4019,Tue Mar 06 17:38:20 +0000 2018,0.224,0.664,0.112,Surveillance video shows a woman frantically searching for help as her Saint Bernard puppy chokes on food. Watch as‚Ä¶ https://t.co/pAhxgw71Ao,77,CBSNews
177,-0.235,Tue Mar 06 17:14:02 +0000 2018,0.139,0.764,0.097,Two people have been arrested after appearing at the Texas church where more than two-dozen worshipers were gunned‚Ä¶ https://t.co/UQiJcy4SrY,78,CBSNews
178,0.0772,Tue Mar 06 16:50:01 +0000 2018,0.0,0.939,0.061,A historic number of women are on ballots as Texas voters head to the polls for Tuesday's primaries. Meet four firs‚Ä¶ https://t.co/LKktN0fiwz,79,CBSNews
179,0.7579,Tue Mar 06 16:36:01 +0000 2018,0.07,0.558,0.372,"Tentative agreement reached to end 9-day statewide teachers strike, West Virginia Gov. Jim Justice says‚Ä¶ https://t.co/9wLGnkIPzB",80,CBSNews
180,0.1779,Tue Mar 06 16:25:01 +0000 2018,0.0,0.922,0.078,"Bumble dating app bans images of guns and knives, adding its name to a growing tally of companies taking a stance o‚Ä¶ https://t.co/Fdow5Foumy",81,CBSNews
181,-0.6249,Tue Mar 06 16:17:01 +0000 2018,0.267,0.733,0.0,Nashville Mayor Megan Barry pleads guilty to theft and resigns after admitting to affair https://t.co/7UjX6mAHZG https://t.co/w7ULwm4xtB,82,CBSNews
182,-0.4767,Tue Mar 06 16:10:33 +0000 2018,0.181,0.819,0.0,Three daycare workers who allegedly gave melatonin-laced gummy bears to toddlers have been arrested. https://t.co/E5HDnpzzdD,83,CBSNews
183,-0.6486,Tue Mar 06 15:55:37 +0000 2018,0.163,0.837,0.0,"Thousands of dead starfish washed up on this U.K. beach -- the phenomenon may have been caused by the ""Beast from t‚Ä¶ https://t.co/iHn8FAcpKB",84,CBSNews
184,-0.6597,Tue Mar 06 15:40:01 +0000 2018,0.173,0.827,0.0,"Military cargo plane crashes as it was descending to land at a Russian air base in Syria, killing all 32 people on‚Ä¶ https://t.co/wWfMq2K4Z6",85,CBSNews
185,0.1531,Tue Mar 06 15:26:21 +0000 2018,0.081,0.775,0.143,"""I want to again reassure you¬†that there does not appear to¬†be any immediate risk to the¬†public,"" Kier Pritchard sa‚Ä¶ https://t.co/JJaNltlO63",86,CBSNews
186,-0.4939,Tue Mar 06 15:23:40 +0000 2018,0.158,0.842,0.0,MOMENTS AGO: Police give an update on a former Russian spy who was possibly poisoned in the U.K.‚Ä¶ https://t.co/JG0Dw3qGRa,87,CBSNews
187,0.0,Tue Mar 06 15:22:57 +0000 2018,0.0,1.0,0.0,"""We think the proper approach is a more surgical approach, so we do not have unintended consequences,"" House Speake‚Ä¶ https://t.co/hYue9ryP4T",88,CBSNews
188,-0.6124,Tue Mar 06 15:20:08 +0000 2018,0.217,0.783,0.0,"""There are those that talk about boycotting Israel -- we will boycott them,"" Israeli PM Netanyahu says, adding that‚Ä¶ https://t.co/gAryrRJMkj",89,CBSNews
189,0.3818,Tue Mar 06 15:13:50 +0000 2018,0.0,0.874,0.126,"Israeli PM Netanyahu says Israel's economy is ""tremendously strong,"" adding that ""we made it stronger by moving Isr‚Ä¶ https://t.co/jAHD5GUOtb",90,CBSNews
190,0.1818,Tue Mar 06 15:08:06 +0000 2018,0.099,0.77,0.131,"""First, the good news: Israel has never been stronger militarily,"" Israeli PM Benjamin Netanyahu tells crowd at AIP‚Ä¶ https://t.co/MV0DrJzPdw",91,CBSNews
191,0.0,Tue Mar 06 15:01:10 +0000 2018,0.0,1.0,0.0,WATCH LIVE: Israeli Prime Minister Benjamin Netanyahu speaks at AIPAC amid corruption probe back in Israel‚Ä¶ https://t.co/UwhZ3NXxx8,92,CBSNews
192,0.0,Tue Mar 06 15:00:02 +0000 2018,0.0,1.0,0.0,"President Trump responds to North Korea talks: ""The world is watching and waiting"" https://t.co/puE5VbNj7w https://t.co/ezJFjuelCn",93,CBSNews
193,-0.7184,Tue Mar 06 14:45:02 +0000 2018,0.261,0.739,0.0,British investigators are trying to figure out what sickened a former Russian spy who's now fighting for his life:‚Ä¶ https://t.co/dPufTaGwhm,94,CBSNews
194,0.0,Tue Mar 06 14:30:01 +0000 2018,0.0,1.0,0.0,The wreckage of a U.S. aircraft carrier sunk by the Japanese in WWII has been found more than 500 miles off Austral‚Ä¶ https://t.co/awAhiZj0up,95,CBSNews
195,0.0,Tue Mar 06 14:15:01 +0000 2018,0.0,1.0,0.0,20-year-old Oregon man files suits claiming Dick's Sporting Goods and Walmart discriminated against him when they r‚Ä¶ https://t.co/twtmEPsSMq,96,CBSNews
196,0.5849,Tue Mar 06 14:11:02 +0000 2018,0.0,0.79,0.21,"RT @CBSThisMorning: ""There are a record number of women, there are 72 self-made [billionaires] which is just really exciting because that's‚Ä¶",97,CBSNews
197,0.0,Tue Mar 06 14:04:51 +0000 2018,0.0,1.0,0.0,"RT @CBSThisMorning: JUST ANNOUNCED: @Forbes has revealed its 2018 list of billionaires. For the first time as #1, is @Amazon founder &amp; CEO,‚Ä¶",98,CBSNews
198,0.3612,Tue Mar 06 14:00:43 +0000 2018,0.0,0.884,0.116,"During historic talks, North Korea told South Korea it's ready to have ""heart-to-heart"" talks with the U.S. on issu‚Ä¶ https://t.co/YBGOVeWi56",99,CBSNews
199,0.0,Tue Mar 06 13:50:24 +0000 2018,0.0,1.0,0.0,"First, on @CBSThisMorning, @Forbes  reveals its annual list of billionaires. It highlights over 2,200 billionaires‚Ä¶ https://t.co/2pYOyagaGR",100,CBSNews
200,-0.5759,Wed Mar 07 08:58:05 +0000 2018,0.208,0.792,0.0,"The porn star known as Stormy Daniels is suing President Trump, claiming that he never signed a hush agreement abou‚Ä¶ https://t.co/Cg3YmwcgKL",1,CNN
201,-0.4404,Wed Mar 07 08:47:33 +0000 2018,0.16,0.789,0.051,This man's efforts to escape police went horribly wrong. He ditched his car but forgot to put it in park and was wi‚Ä¶ https://t.co/XG13ONmgaL,2,CNN
202,0.4767,Wed Mar 07 08:31:05 +0000 2018,0.0,0.86,0.14,Genetic testing company 23andMe has been give federal approval to sell at-home kits that test for three breast canc‚Ä¶ https://t.co/dKO2wwWv1v,3,CNN
203,0.0,Wed Mar 07 08:26:23 +0000 2018,0.0,1.0,0.0,"Barbie unveils dolls based on real-life figures including Amelia Earhart, Frida Kahlo, Katherine Johnson and Chloe‚Ä¶ https://t.co/ie8mF1w7fl",4,CNN
204,0.0,Wed Mar 07 08:01:03 +0000 2018,0.0,1.0,0.0,Lego sales have dropped for the first time in 13 years https://t.co/xuBwV6VbIB https://t.co/FdTxH8HIfI,5,CNN
205,-0.2263,Wed Mar 07 08:00:36 +0000 2018,0.091,0.909,0.0,"Britain's Boris Johnson says the UK would respond ""robustly"" if Russia is found to be behind the suspected poisonin‚Ä¶ https://t.co/mIObjrPMEY",6,CNN
206,0.0,Wed Mar 07 07:44:49 +0000 2018,0.0,1.0,0.0,"Matsushima Bay, one of Japan's fabled three most scenic places, is made up of 260 islands. And the area also has so‚Ä¶ https://t.co/aB3c3cFzw1",7,CNN
207,0.3182,Wed Mar 07 07:31:04 +0000 2018,0.0,0.897,0.103,McDonald's announces that Quarter Pounders in every US store except for ones in Hawaii and Alaska will have fresh b‚Ä¶ https://t.co/lyDCDRpgjc,8,CNN
208,0.6249,Wed Mar 07 07:30:05 +0000 2018,0.0,0.837,0.163,Sakura -- or cherry blossoms -- are one of the enduring symbols of Japan. Here are some great destinations to exper‚Ä¶ https://t.co/pPEQGYh4SG,9,CNN
209,-0.802,Wed Mar 07 07:09:30 +0000 2018,0.298,0.702,0.0,"A police officer was killed and two others injured during a shooting at a residence in Missouri on Tuesday night, a‚Ä¶ https://t.co/XYX7snpwLa",10,CNN
210,0.0772,Wed Mar 07 07:01:07 +0000 2018,0.0,0.939,0.061,"Over 1.3 million live animals and plants, and a similar number of animal skins, have been exported from Africa to A‚Ä¶ https://t.co/xrHyzDsyt4",11,CNN
211,-0.5574,Wed Mar 07 06:45:12 +0000 2018,0.247,0.753,0.0,Mississippi could be the first state with 15-week abortion ban https://t.co/K44D5iQJSa https://t.co/XYIwT6YDis,12,CNN
212,0.0,Wed Mar 07 06:41:49 +0000 2018,0.0,1.0,0.0,"Cruz vs. O'Rourke is set, but 3 House races head to runoffs in Texas primary https://t.co/20SNN2YQmL https://t.co/b5qn7BgQXr",13,CNN
213,-0.3182,Wed Mar 07 06:39:42 +0000 2018,0.141,0.859,0.0,Trump teeters on the edge of a familiar North Korean trap | Analysis by @StCollinson https://t.co/ODUETpLhes https://t.co/sbdYukPjB2,14,CNN
214,-0.5267,Wed Mar 07 06:35:07 +0000 2018,0.196,0.708,0.096,The US government says it's sanctioning North Korea after deeming its government responsible for the murder of Kim‚Ä¶ https://t.co/dReKNZhIMa,15,CNN
215,0.7003,Wed Mar 07 06:31:07 +0000 2018,0.0,0.674,0.326,"Inspired by her travels, this artist paints stunning pictures on tea bags https://t.co/7ajfYCzNRi https://t.co/4Kg4vM1yKy",16,CNN
216,-0.4588,Wed Mar 07 06:21:13 +0000 2018,0.15,0.85,0.0,The Taliban banned women from being journalists in Afghanistan. Now the country has an all-female television networ‚Ä¶ https://t.co/tFriI2F1XB,17,CNN
217,0.0,Wed Mar 07 06:01:03 +0000 2018,0.0,1.0,0.0,"The Trump administration has quietly said it will consider big game trophy imports on a ""case-by-case"" basis‚Ä¶ https://t.co/HBZBMkgmny",18,CNN
218,-0.2263,Wed Mar 07 05:57:08 +0000 2018,0.091,0.909,0.0,"Britain's Boris Johnson says the UK would respond ""robustly"" if Russia is found to be behind the suspected poisonin‚Ä¶ https://t.co/AMIiaud1IO",19,CNN
219,0.0,Wed Mar 07 05:46:04 +0000 2018,0.0,1.0,0.0,"Barbie unveils dolls based on real-life figures including Amelia Earhart, Frida Kahlo, Katherine Johnson and Chloe‚Ä¶ https://t.co/8XiANn14pu",20,CNN
220,0.0,Wed Mar 07 05:45:06 +0000 2018,0.0,1.0,0.0,"From 1 apostle to 1.2 billion followers, witness the evolution of a global icon. #Pope premieres Sunday at 10p on C‚Ä¶ https://t.co/blZmEci910",21,CNN
221,-0.4588,Wed Mar 07 05:31:06 +0000 2018,0.211,0.789,0.0,"""Dumpster fire"" is in the Merriam-Webster dictionary now, defined as ""an utterly calamitous or mismanaged situation‚Ä¶ https://t.co/KoaxexDN86",22,CNN
222,0.0,Wed Mar 07 05:27:37 +0000 2018,0.0,1.0,0.0,The 2-year-old who was awestruck at a portrait of Michelle Obama got to meet the former first lady in person. What‚Ä¶ https://t.co/JwY737FbwZ,23,CNN
223,0.9069,Wed Mar 07 05:16:04 +0000 2018,0.0,0.593,0.407,"RT @CNNTonight: ""Hopefully, the portrait will continue to inspire other little ones just like Parker and hopefully our visit will inspire o‚Ä¶",24,CNN
224,-0.1027,Wed Mar 07 05:16:03 +0000 2018,0.139,0.739,0.122,"The powerful ""bomb cyclone"" that battered the Northeast over the weekend also uncovered the wreckage of a ship that‚Ä¶ https://t.co/SM1SAylVIp",25,CNN
225,0.3182,Wed Mar 07 05:14:27 +0000 2018,0.0,0.874,0.126,"RT @CNNTonight: Michelle Obama dances with Parker Curry, her littlest fan: ""It was a surreal moment"" https://t.co/RX8g81xyYq https://t.co/W‚Ä¶",26,CNN
226,-0.3612,Wed Mar 07 05:01:57 +0000 2018,0.214,0.647,0.139,Thousands of dead starfish have washed up on a beach in the United Kingdom https://t.co/h26b8NEhr7 https://t.co/nFPVX9BYPB,27,CNN
227,0.34,Wed Mar 07 04:51:07 +0000 2018,0.075,0.746,0.18,Bill Cosby's defense team plans to use a civil settlement between the comedian and the woman accusing him of assaul‚Ä¶ https://t.co/xbqUDFVjSL,28,CNN
228,-0.2732,Wed Mar 07 04:46:05 +0000 2018,0.139,0.861,0.0,11 tax deductions and other ways to cut your 2017 tax bill https://t.co/EbRmkjR9Tv https://t.co/oQ7Eqhx2W2,29,CNN
229,-0.461,Wed Mar 07 04:38:04 +0000 2018,0.232,0.655,0.112,Why House Speaker Paul Ryan can't (legally) stop a Trump trade war https://t.co/IWnpJqyc71 https://t.co/DsN58O4HDF,30,CNN
230,0.3089,Wed Mar 07 04:28:03 +0000 2018,0.0,0.869,0.131,"Jimmy Kimmel sent Guillermo to the Oscars red carpet again, and he didn't disappoint https://t.co/2CqXgIutkF https://t.co/mOXCODA3zf",31,CNN
231,-0.4404,Wed Mar 07 04:21:34 +0000 2018,0.16,0.789,0.051,This man's efforts to escape police went horribly wrong. He ditched his car but forgot to put it in park and was wi‚Ä¶ https://t.co/9dN0bYpbvm,32,CNN
232,-0.4767,Wed Mar 07 04:21:04 +0000 2018,0.22,0.78,0.0,The biggest thing Trump gets wrong on trade https://t.co/aNL8pmJiYK via @CNNMoney https://t.co/YlX7RdR2GJ,33,CNN
233,0.0,Wed Mar 07 04:16:05 +0000 2018,0.0,1.0,0.0,Vice President Mike Pence hits the campaign trail https://t.co/A0lKKMhiWo https://t.co/SwuemdrBjW,34,CNN
234,0.4019,Wed Mar 07 04:07:07 +0000 2018,0.0,0.886,0.114,"Need a medical procedure? Pick the right provider and get cash back under this plan, which aims to help rein in hea‚Ä¶ https://t.co/m24cFr7FDi",35,CNN
235,0.6249,Wed Mar 07 04:01:07 +0000 2018,0.0,0.837,0.163,Sakura -- or cherry blossoms -- are one of the enduring symbols of Japan. Here are some great destinations to exper‚Ä¶ https://t.co/TUn3otXn4Z,36,CNN
236,-0.0772,Wed Mar 07 03:56:04 +0000 2018,0.14,0.86,0.0,"Sorry, Hollywood. Netflix rules the media world https://t.co/ti37URphpZ https://t.co/q8O8eS4hNp",37,CNN
237,-0.7783,Wed Mar 07 03:53:35 +0000 2018,0.291,0.709,0.0,A state of emergency has been imposed in Sri Lanka for the first time since the civil war following days of communa‚Ä¶ https://t.co/7xPgAdUKkE,38,CNN
238,0.34,Wed Mar 07 03:51:06 +0000 2018,0.0,0.876,0.124,Senate Democrats ask EPA Administrator Scott Pruitt for answers over a member of his security detail's business tie‚Ä¶ https://t.co/6ps6xYHdXX,39,CNN
239,0.2263,Wed Mar 07 03:46:05 +0000 2018,0.0,0.913,0.087,Saudi Arabia has announced plans to roll out a new visitor visa that will allow travelers (including women 25 and o‚Ä¶ https://t.co/tmS5Wk1cGR,40,CNN
240,-0.4215,Wed Mar 07 03:43:04 +0000 2018,0.141,0.859,0.0,Secretary of State Rex Tillerson emphasized the real and potential threats posed by extremist groups in sub-Saharan‚Ä¶ https://t.co/YQIpZja4KU,41,CNN
241,0.2263,Wed Mar 07 03:40:22 +0000 2018,0.113,0.739,0.148,Tired of winter? Cherry blossom season is on its way. Japan should start seeing these lovely flowers toward the end‚Ä¶ https://t.co/IvJG9Mif01,42,CNN
242,0.0772,Wed Mar 07 03:40:16 +0000 2018,0.0,0.936,0.064,"""Sex and the City"" star Cynthia Nixon is reportedly gearing up to launch a progressive primary challenge to New Yor‚Ä¶ https://t.co/10ilMYkHT6",43,CNN
243,0.4767,Wed Mar 07 03:39:03 +0000 2018,0.0,0.846,0.154,US Director of National Intelligence Dan Coats is grilled over President Trump's response to Russian election attac‚Ä¶ https://t.co/nnARrSzeOz,44,CNN
244,0.0,Wed Mar 07 03:36:05 +0000 2018,0.0,1.0,0.0,House Democrats raise concerns about an EPA employee allowed to be a media consultant https://t.co/33rHp6a231 https://t.co/5NHHV3ceyr,45,CNN
245,-0.2732,Wed Mar 07 03:33:13 +0000 2018,0.14,0.86,0.0,"Momentum on overhauling the country's gun laws has practically stalled at the US Capitol, but the House will vote n‚Ä¶ https://t.co/hj1VrnVGOn",46,CNN
246,0.0,Wed Mar 07 03:33:05 +0000 2018,0.0,1.0,0.0,"A judge sides with President Trump on DACA, but blasts the White House and Congress for inaction‚Ä¶ https://t.co/F2pWWKext6",47,CNN
247,0.3818,Wed Mar 07 03:31:09 +0000 2018,0.0,0.874,0.126,"A onetime symbol of integrity, Megan Barry made history as Nashville's first female mayor. But she stepped down aft‚Ä¶ https://t.co/TygcAvATfl",48,CNN
248,-0.5423,Wed Mar 07 03:28:03 +0000 2018,0.191,0.809,0.0,"Emergency room visits due to suspected opioid overdoses rose about 30% from July 2016 to September 2017, the CDC sa‚Ä¶ https://t.co/8oBtP5zQqq",49,CNN
249,0.0,Wed Mar 07 03:26:05 +0000 2018,0.0,1.0,0.0,The full Nunberg? 4 presidential allies who went rogue | Analysis by CNN's Gregory Krieg https://t.co/aU0phh3MUi https://t.co/bDsMdtQ2ew,50,CNN
250,0.0,Wed Mar 07 03:23:42 +0000 2018,0.0,1.0,0.0,"RT @AC360: Sen. Ron Wyden says Sam Nunberg wouldn't be his first choice for a witness at a public hearing: ""My first choice of a witness at‚Ä¶",51,CNN
251,0.8268,Wed Mar 07 03:21:03 +0000 2018,0.0,0.662,0.338,"Sen. Richard Blumenthal says the grand jury in the special counsel probe should ""be very interested"" in a 2016 meet‚Ä¶ https://t.co/CSwDUdja68",52,CNN
252,0.0,Wed Mar 07 03:16:09 +0000 2018,0.0,1.0,0.0,"Michelle Obama dances with Parker Curry, the little girl who was transfixed by a portrait of the former first lady‚Ä¶ https://t.co/k8C0ossKby",53,CNN
253,0.2023,Wed Mar 07 03:11:04 +0000 2018,0.0,0.909,0.091,White House aide Kellyanne Conway is the latest of President Trump's top employees to receive an official reprimand‚Ä¶ https://t.co/ss7aFDzz9f,54,CNN
254,0.0,Wed Mar 07 03:01:05 +0000 2018,0.0,1.0,0.0,"BlackBerry sues Facebook, along with its subsidiaries WhatsApp and Instagram, for infringing on its messaging paten‚Ä¶ https://t.co/jeamvu2Rc6",55,CNN
255,-0.2382,Wed Mar 07 02:58:19 +0000 2018,0.075,0.925,0.0,"RT @AC360: Former CIA Director Michael Hayden says he doesn't think North Korean leader Kim Jong Un will give up his nuclear weapons, but ""‚Ä¶",56,CNN
256,-0.4767,Wed Mar 07 02:56:35 +0000 2018,0.129,0.871,0.0,"""The way these tariffs were rolled out was simply terrible. It was not done properly and apparently took a lot of p‚Ä¶ https://t.co/ykEG30JZF5",57,CNN
257,0.4019,Wed Mar 07 02:53:30 +0000 2018,0.063,0.802,0.135,"""The House is very much in play,"" says Rep. Charlie Dent about midterm elections. ""We're in a pretty tough spot as‚Ä¶ https://t.co/FFxgKcl9dN",58,CNN
258,-0.296,Wed Mar 07 02:51:45 +0000 2018,0.109,0.891,0.0,"Rep. Charlie Dent on Gary Cohn's resignation: ""There's been unusually high turnover (in the White House). ... I thi‚Ä¶ https://t.co/9HuQ65bsbU",59,CNN
259,0.4549,Wed Mar 07 02:48:55 +0000 2018,0.0,0.864,0.136,"RT @AC360: ""He's quite an interesting character, kind of a behind-the-scenes guy who is known...here in the political circles"" @ShimonPro o‚Ä¶",60,CNN
260,0.6369,Wed Mar 07 02:45:42 +0000 2018,0.0,0.756,0.244,Donald Trump is producing the greatest reality show ever | Analysis by @CillizzaCNN https://t.co/7KPurEFWGT https://t.co/QStWKYAO6C,61,CNN
261,-0.296,Wed Mar 07 02:39:03 +0000 2018,0.115,0.885,0.0,"The Trump administration could impose new sanctions concerning Russian cyber meddling as early as next week, a seni‚Ä¶ https://t.co/xWuOBJyFBS",62,CNN
262,0.5267,Wed Mar 07 02:34:08 +0000 2018,0.0,0.825,0.175,"JUST IN: The Justice Department files a suit against California over ""sanctuary city"" policies aimed at protecting‚Ä¶ https://t.co/TEDkzDtTzn",63,CNN
263,-0.128,Wed Mar 07 02:32:52 +0000 2018,0.12,0.88,0.0,3 charts that explain why West Virginia's teachers went on strike https://t.co/GS1rE3rYQh https://t.co/04LQ9kRwCp,64,CNN
264,-0.128,Wed Mar 07 02:31:03 +0000 2018,0.096,0.83,0.074,"President Trump plunges more than 200 spots to No. 766 on the Forbes Billionaires List, which Amazon CEO Jeff Bezos‚Ä¶ https://t.co/YKRD25EwDi",65,CNN
265,-0.2263,Wed Mar 07 02:16:34 +0000 2018,0.174,0.826,0.0,READ: Porn star Stormy Daniels' lawsuit against Donald Trump https://t.co/p0opxGdc3F,66,CNN
266,-0.2732,Wed Mar 07 02:13:45 +0000 2018,0.095,0.905,0.0,"JUST IN: The porn star known as Stormy Daniels is suing President Trump, claiming that he never signed a hush agree‚Ä¶ https://t.co/BR8OgrEZCE",67,CNN
267,0.0,Wed Mar 07 02:10:33 +0000 2018,0.0,1.0,0.0,President Donald Trump's personal lawyer Michael Cohen was provided inside information about the House Intelligence‚Ä¶ https://t.co/Nmp7RC7Uvo,68,CNN
268,0.0,Wed Mar 07 02:06:04 +0000 2018,0.0,1.0,0.0,"Republicans in Utah are working their way toward naming a highway after President Trump.

Democrats propose 'Stormy‚Ä¶ https://t.co/o2iX94wd6o",69,CNN
269,0.0,Wed Mar 07 02:00:51 +0000 2018,0.0,1.0,0.0,A Harvard University government professor announced his retirement amid allegations of sexual misconduct‚Ä¶ https://t.co/zseVXRCyFZ,70,CNN
270,0.5413,Wed Mar 07 01:54:05 +0000 2018,0.108,0.643,0.249,China's most popular social media app has amassed 1 billion users. But it's going to have trouble attracting anothe‚Ä¶ https://t.co/T3EGLKhJfx,71,CNN
271,0.0,Wed Mar 07 01:52:51 +0000 2018,0.0,1.0,0.0,"When you come to the fork in the road, do you take:

a.) Donald J. Trump Utah National Parks Highway
OR
b.) Stormy‚Ä¶ https://t.co/7eSmq8qIJG",72,CNN
272,0.7964,Wed Mar 07 01:49:06 +0000 2018,0.0,0.69,0.31,"Maker of Smith &amp; Wesson guns on safety debate: ""The solution is not to take a politically motivated action that has‚Ä¶ https://t.co/aTUXTm8Whn",73,CNN
273,0.0,Wed Mar 07 01:45:29 +0000 2018,0.0,1.0,0.0,"The USS Carl Vinson has moored just off the coast of Da Nang, Vietnam. It is the first time a US Navy aircraft carr‚Ä¶ https://t.co/TjZTG8wSpN",74,CNN
274,-0.296,Wed Mar 07 01:44:19 +0000 2018,0.104,0.896,0.0,Acting Deputy FBI Director David Bowdich told House members privately that the FBI missed two tips about the Florid‚Ä¶ https://t.co/6HqKaNaG3m,75,CNN
275,0.0,Wed Mar 07 01:41:04 +0000 2018,0.0,1.0,0.0,The Weinstein Company is once again on the verge of bankruptcy. Last week's tentative $500 million deal to sell mos‚Ä¶ https://t.co/QusnAL0jPh,76,CNN
276,0.0,Wed Mar 07 01:36:03 +0000 2018,0.0,1.0,0.0,"Local law says that ""every head of household residing in the city limits is required to maintain a firearm"" in Kenn‚Ä¶ https://t.co/K3HRFOSI12",77,CNN
277,0.0,Wed Mar 07 01:33:15 +0000 2018,0.0,1.0,0.0,"""It is about the Russians, and it's about follow the money. That's exactly what Bob Mueller is doing."" Sen. Richard‚Ä¶ https://t.co/0Y2MdYrwt0",78,CNN
278,0.0,Wed Mar 07 01:31:05 +0000 2018,0.0,1.0,0.0,"The Trump administration has quietly said it will consider big game trophy imports on a ""case-by-case"" basis‚Ä¶ https://t.co/hjvWoPTtSI",79,CNN
279,-0.796,Wed Mar 07 01:26:06 +0000 2018,0.262,0.738,0.0,"At least 78 people have died in Nigeria with hundreds more infected in an outbreak of Lassa fever, the Nigeria Cent‚Ä¶ https://t.co/AqO4WD8W4Y",80,CNN
280,-0.4939,Wed Mar 07 01:21:14 +0000 2018,0.208,0.792,0.0,"A HUD employee wrote a blistering open letter to Secretary Ben Carson, accusing him of participating in a ""smear ca‚Ä¶ https://t.co/RTeoibDkL6",81,CNN
281,-0.802,Wed Mar 07 01:11:03 +0000 2018,0.286,0.714,0.0,A Kansas man pleaded guilty in state court to killing a engineer from India and injuring two others at a sports bar‚Ä¶ https://t.co/tt0Hsi9wrt,82,CNN
282,0.0,Wed Mar 07 01:06:20 +0000 2018,0.0,1.0,0.0,"Barbie unveils dolls based on real-life figures including Amelia Earhart, Frida Kahlo, Katherine Johnson and Chloe‚Ä¶ https://t.co/EuJLMQthDt",83,CNN
283,-0.7269,Wed Mar 07 01:06:05 +0000 2018,0.276,0.724,0.0,American regulators have held up Broadcom's hostile takeover of Qualcomm over concerns the deal could harm national‚Ä¶ https://t.co/RLHnVV28bR,84,CNN
284,0.0,Wed Mar 07 01:04:12 +0000 2018,0.0,1.0,0.0,"Fmr. White House ethics lawyer Richard Painter on Roger Stone and Sam Nunberg: ""Both these guys are a bunch of slee‚Ä¶ https://t.co/C5TrJ27STK",85,CNN
285,-0.5267,Wed Mar 07 01:01:06 +0000 2018,0.159,0.841,0.0,"White House aide Kellyanne Conway violated the Hatch Act on two occasions by ""advocating for and against candidates‚Ä¶ https://t.co/71lR2ZBW0G",86,CNN
286,-0.7351,Wed Mar 07 00:56:52 +0000 2018,0.292,0.708,0.0,Senate Majority Leader Mitch McConnell broke his silence and denounced President Trump's threat to place controvers‚Ä¶ https://t.co/ME2K08oRBo,87,CNN
287,0.3612,Wed Mar 07 00:56:06 +0000 2018,0.0,0.667,0.333,A top Amazon executive is leaving for Airbnb https://t.co/at4MPaSBwU https://t.co/kH0raUImSg,88,CNN
288,0.0,Wed Mar 07 00:51:05 +0000 2018,0.0,1.0,0.0,Fox wants to shave the advertising on its networks to two minutes per hour https://t.co/aQOw9vJgpO https://t.co/OHatiLZP8s,89,CNN
289,0.4767,Wed Mar 07 00:41:07 +0000 2018,0.0,0.86,0.14,Genetic testing company 23andMe has been give federal approval to sell at-home kits that test for three breast canc‚Ä¶ https://t.co/RNTagEgDS2,90,CNN
290,-0.7351,Wed Mar 07 00:38:15 +0000 2018,0.256,0.744,0.0,"Van Jones on reports Trump emboldened Scaramucci to attack John Kelly in the media: ""This is worse than romper-room‚Ä¶ https://t.co/X2CyQ1NF5c",91,CNN
291,-0.4588,Wed Mar 07 00:36:03 +0000 2018,0.222,0.778,0.0,"Dumpster fire (noun): ""An utterly calamitous or mismanaged situation or occurrence,"" as the Merriam-Webster diction‚Ä¶ https://t.co/2s8CGKH5zf",92,CNN
292,0.6369,Wed Mar 07 00:31:07 +0000 2018,0.0,0.811,0.189,"Senate Majority Leader Mitch McConnell on the response to Russian meddling in the 2016 election: ""I'm perfectly com‚Ä¶ https://t.co/rxF0C6J11i",93,CNN
293,0.0,Wed Mar 07 00:26:03 +0000 2018,0.0,1.0,0.0,A 'man of mystery' with ties to Donald Trump‚Äôs team attended secret meetings during the presidential transition bet‚Ä¶ https://t.co/bBKXp9CDe9,94,CNN
294,-0.3612,Wed Mar 07 00:20:34 +0000 2018,0.111,0.889,0.0,Dow futures fell more than 300 points after Gary Cohn announced plans to step down amid a disagreement with Trump o‚Ä¶ https://t.co/035ptm0S7N,95,CNN
295,0.128,Wed Mar 07 00:18:16 +0000 2018,0.0,0.897,0.103,The West Virginia teachers have launched a movement | By Erin McHenry-Sorber via @CNNOpinion https://t.co/fnU0WMNvKr https://t.co/0ifEkIEx8h,96,CNN
296,0.0,Wed Mar 07 00:15:25 +0000 2018,0.0,1.0,0.0,"RT @OutFrontCNN: ""Look, another one bites the dust."" @ErinBurnett invites @GloriaBorger to analyze the latest White House shake-up: the res‚Ä¶",97,CNN
297,0.3818,Wed Mar 07 00:15:11 +0000 2018,0.0,0.898,0.102,"Find out who and what is making big waves in the worlds of tech, media and innovation. Sign up for PACIFIC, CNN‚Äôs n‚Ä¶ https://t.co/A2aIPFewMe",98,CNN
298,0.3182,Wed Mar 07 00:08:04 +0000 2018,0.0,0.897,0.103,McDonald's announces that Quarter Pounders in every US store except for ones in Hawaii and Alaska will have fresh b‚Ä¶ https://t.co/5rfcYlY9ZK,99,CNN
299,0.1531,Tue Mar 06 23:58:04 +0000 2018,0.0,0.909,0.091,"President Trump's steel and aluminum tariffs may invite retaliation against American coal, an industry he promised‚Ä¶ https://t.co/PJAN2thErM",100,CNN
300,-0.7184,Wed Mar 07 09:05:00 +0000 2018,0.375,0.625,0.0,$5.9M settlement OK'd for inmate who suffered brain injury behind bars https://t.co/cFwUaFYArA,1,FOXNews
301,0.4939,Wed Mar 07 09:00:00 +0000 2018,0.0,0.849,0.151,"Just in time for International Women‚Äôs Day, Barbie is releasing an entire collection of dolls inspired by boundary-‚Ä¶ https://t.co/M4yH0mEQhV",2,FOXNews
302,0.6739,Wed Mar 07 08:55:00 +0000 2018,0.0,0.807,0.193,JUMPING FOR JOY: The crowd went wild during half-time at the basketball game between the Florida Gators and Kentuck‚Ä¶ https://t.co/qtovqHDdPw,3,FOXNews
303,0.0,Wed Mar 07 08:50:00 +0000 2018,0.0,1.0,0.0,Saudi prince says Qatar won't be barred from Arab summit https://t.co/JBqw5M94KO,4,FOXNews
304,-0.4939,Wed Mar 07 08:45:00 +0000 2018,0.132,0.868,0.0,A scary sight in North Dakota as a garbage truck can be seen sliding out of control at Bismarck State College on Mo‚Ä¶ https://t.co/rsboya3Tui,5,FOXNews
305,-0.34,Wed Mar 07 08:40:00 +0000 2018,0.231,0.769,0.0,Maersk vessel catches fire in the Arabian Sea https://t.co/0BES7hqUNl,6,FOXNews
306,0.0,Wed Mar 07 08:35:00 +0000 2018,0.0,1.0,0.0,".@IngrahamAngle: ""#DonaldTrump - in politics - is an innovator and he's not afraid to break with the establishment'‚Ä¶ https://t.co/bfcxX3q5sA",7,FOXNews
307,-0.4215,Wed Mar 07 08:30:56 +0000 2018,0.174,0.826,0.0,A nor‚Äôeaster is set to slam parts of the Northeast this week and potentially leave thousands of people with multipl‚Ä¶ https://t.co/GPqKhDr9WW,8,FOXNews
308,0.25,Wed Mar 07 08:25:00 +0000 2018,0.0,0.895,0.105,".@POTUS: ""Our country has been taken advantage of by everybody...and we cannot let that happen any longer."" https://t.co/zkb9dTTnGL",9,FOXNews
309,-0.5859,Wed Mar 07 08:20:00 +0000 2018,0.202,0.798,0.0,'Diabolical genius' linked to $179M fraud gets 25 years after trying to flee to Ecuador https://t.co/QpHVKubAO2,10,FOXNews
310,0.2732,Wed Mar 07 08:15:00 +0000 2018,0.0,0.884,0.116,".@IngrahamAngle: ""North Korea is signaling a willingness to hold talks...You think that that would have happened wi‚Ä¶ https://t.co/pq03tCcmSu",11,FOXNews
311,0.4215,Wed Mar 07 08:10:00 +0000 2018,0.0,0.823,0.177,"United Express first-class passenger declares 'I am God,' tries opening plane door mid-flight https://t.co/xhS8h9lVwI",12,FOXNews
312,0.0,Wed Mar 07 08:05:00 +0000 2018,0.0,1.0,0.0,.@SenJohnThune: ‚ÄúI think the president has really led on this issue. He‚Äôs gone farther than any Republican presiden‚Ä¶ https://t.co/OPxuzNJMtO,13,FOXNews
313,0.0,Wed Mar 07 08:00:00 +0000 2018,0.0,1.0,0.0,'Sex and the City' star considers run against New York's Cuomo https://t.co/39a7QK3abO,14,FOXNews
314,-0.5719,Wed Mar 07 07:55:00 +0000 2018,0.264,0.628,0.109,".@DLoesch: ""Here we're looking at multiple systemic failures coming from the government that failed to protect us.‚Ä¶ https://t.co/PbdZzC6anb",15,FOXNews
315,-0.5994,Wed Mar 07 07:50:00 +0000 2018,0.206,0.794,0.0,North Korea hit with new sanctions by State Department over Kim Jong Un's brother's death https://t.co/KR7OxGWHDL,16,FOXNews
316,0.0,Wed Mar 07 07:45:00 +0000 2018,0.0,1.0,0.0,"Stoneman Douglas High School student Kyle Kashuv: ‚ÄúWe have to focus first on what we can achieve, and that is bipar‚Ä¶ https://t.co/rSQVkM44bU",17,FOXNews
317,0.0,Wed Mar 07 07:40:00 +0000 2018,0.0,1.0,0.0,"Barbie releases 17 new dolls for International Women's Day, including Amelia Earhart, Chloe Kim, Patty Jenkins https://t.co/07TMOEte8Z",18,FOXNews
318,0.0,Wed Mar 07 07:35:00 +0000 2018,0.0,1.0,0.0,".@Sen_JoeManchin: ‚ÄúWe have a president that has the spine to start saying ‚ÄòWait a minute, we‚Äôve been taken advantag‚Ä¶ https://t.co/RCwuU0Krdx",19,FOXNews
319,0.5574,Wed Mar 07 07:30:00 +0000 2018,0.0,0.753,0.247,Alabama high school basketball player's touching praise of coach goes viral https://t.co/ApFAXYO6Kr,20,FOXNews
320,-0.6689,Wed Mar 07 07:25:00 +0000 2018,0.244,0.756,0.0,".@POTUS: ""The European Union has not treated us well and it's been a very, very unfair trade situation...I'm protec‚Ä¶ https://t.co/kEBmF9n8WP",21,FOXNews
321,-0.34,Wed Mar 07 07:20:00 +0000 2018,0.124,0.876,0.0,"On #Tucker, @DLoesch, @NRA spokesperson, commented on calls for gun reform following the Florida school shooting la‚Ä¶ https://t.co/BdrjNnvpDx",22,FOXNews
322,0.4939,Wed Mar 07 07:15:00 +0000 2018,0.0,0.842,0.158,WATCH: Police and firefighters used their life-saving skills to save a 9-week-old Saint Bernard puppy that was chok‚Ä¶ https://t.co/zVNsoyG2AB,23,FOXNews
323,-0.9001,Wed Mar 07 07:11:13 +0000 2018,0.579,0.421,0.0,"1 Missouri police officer killed, 2 others wounded in shooting; suspect dead https://t.co/AMG1KB5cQ3",24,FOXNews
324,-0.8176,Wed Mar 07 07:10:00 +0000 2018,0.415,0.585,0.0,Nashville mayor who had affair with bodyguard resigns after pleading guilty to criminal theft https://t.co/bmaHQflDqC,25,FOXNews
325,0.5499,Wed Mar 07 07:05:00 +0000 2018,0.0,0.855,0.145,.@RandPaul: ‚ÄúI think the FISA court has way too much power but I also believe that special counsels are given too m‚Ä¶ https://t.co/NJuaSWpYb2,26,FOXNews
326,0.1779,Wed Mar 07 07:00:02 +0000 2018,0.0,0.892,0.108,Mother claims Spirit Airlines kicked her off flight because her baby was spitting up https://t.co/qmSi6OcLHT,27,FOXNews
327,0.3612,Wed Mar 07 06:55:00 +0000 2018,0.07,0.793,0.137,".@POTUS: ""The Russians had no impact on our votes whatsoever, but certainly there was meddling...You have to be rea‚Ä¶ https://t.co/rGRwwfxzyR",28,FOXNews
328,-0.9001,Wed Mar 07 06:52:27 +0000 2018,0.524,0.476,0.0,"1 Missouri police officer killed, 2 others wounded in shooting; suspect dead https://t.co/bru3GUVJKg via @RyanGaydos",29,FOXNews
329,0.0,Wed Mar 07 06:50:00 +0000 2018,0.0,1.0,0.0,Skull of 'oldest Dutchwoman' found beneath the North Sea https://t.co/WbleEq63fs,30,FOXNews
330,0.2144,Wed Mar 07 06:45:00 +0000 2018,0.0,0.866,0.134,".@RepRatcliffe: ‚ÄúA second special counsel is not just appropriate, but necessary.‚Äù #TheStory https://t.co/k2geeaaoOy",31,FOXNews
331,0.4215,Wed Mar 07 06:35:00 +0000 2018,0.0,0.851,0.149,.@Walmart employee Sabrina Barnes recently brought down the house with a powerful rendition of ‚ÄúThe Star-Spangled B‚Ä¶ https://t.co/kaV3PQmhvL,32,FOXNews
332,-0.0516,Wed Mar 07 06:30:00 +0000 2018,0.207,0.603,0.19,Marines let women join West Coast combat course https://t.co/xFjGhqolBA,33,FOXNews
333,0.8271,Wed Mar 07 06:25:00 +0000 2018,0.0,0.617,0.383,".@POTUS: ""A strong and balanced economic relationship strengthens security and prosperity in both of our countries‚Ä¶ https://t.co/hGnsp9V1bn",34,FOXNews
334,0.5574,Wed Mar 07 06:23:54 +0000 2018,0.0,0.783,0.217,Alabama high school basketball player's touching praise of coach goes viral https://t.co/bgJD3PtMRX via @RyanGaydos,35,FOXNews
335,-0.7184,Wed Mar 07 06:20:00 +0000 2018,0.3,0.7,0.0,"Illegal immigrants with sex, robbery convictions among those who evaded capture after Dem mayor's warning https://t.co/zpLyEfEHFy",36,FOXNews
336,0.5106,Wed Mar 07 06:15:00 +0000 2018,0.0,0.845,0.155,MAJESTIC: The impressive hunting skills of a bald eagle were on full display after a fisherman recently set his cam‚Ä¶ https://t.co/0kwwmDhwtL,37,FOXNews
337,-0.5859,Wed Mar 07 06:10:00 +0000 2018,0.275,0.637,0.088,Alabama man agrees to plea deal after being arrested 4 days after publicly criticizing local sheriff https://t.co/Grfw23OCtV,38,FOXNews
338,-0.1139,Wed Mar 07 06:05:00 +0000 2018,0.133,0.867,0.0,".@LawrenceBJones3 on DACA: ""[Democrats] don't want to make a deal because they want to campaign on this issue.""‚Ä¶ https://t.co/7vczVQXuxO",39,FOXNews
339,0.0,Wed Mar 07 06:00:00 +0000 2018,0.0,1.0,0.0,Word invented by 'The Simpsons' makes it into Webster's dictionary https://t.co/sSX8i7202Q,40,FOXNews
340,0.7845,Wed Mar 07 05:55:00 +0000 2018,0.0,0.655,0.345,".@POTUS: ""The @WhiteHouse has tremendous energy. It has tremendous spirit. It is a great place to be working...Beli‚Ä¶ https://t.co/B8y1HK07mp",41,FOXNews
341,0.0,Wed Mar 07 05:50:00 +0000 2018,0.0,1.0,0.0,What to know about the incoming nor'easter https://t.co/GM7OTy4JCd,42,FOXNews
342,-0.4404,Wed Mar 07 05:45:00 +0000 2018,0.24,0.644,0.116,.@TGowdySC explains why he's calling for a special counsel to investigate alleged bias and FISA abuse inside the‚Ä¶ https://t.co/02vxOASTkf,43,FOXNews
343,-0.7717,Wed Mar 07 05:40:00 +0000 2018,0.435,0.565,0.0,"Man accused of stealing Frances McDormand‚Äôs Oscar charged with theft, officials say https://t.co/MfyilgvleI",44,FOXNews
344,0.4767,Wed Mar 07 05:35:00 +0000 2018,0.0,0.853,0.147,TRY TO 'SHEEP' UP: A paramedic responding to a house call in England made some fluffy friends while trekking throug‚Ä¶ https://t.co/Q3HwBc2fbe,45,FOXNews
345,-0.875,Wed Mar 07 05:32:59 +0000 2018,0.435,0.565,0.0,"Two conspiracy theorists arrested after harassing Texas pastor of church shooting, police say https://t.co/EgIXMha8bO via @RyanGaydos",46,FOXNews
346,0.0,Wed Mar 07 05:30:00 +0000 2018,0.0,1.0,0.0,Peyton Manning unloads his Papa John's franchises in Denver area https://t.co/f0VORTiypk,47,FOXNews
347,0.34,Wed Mar 07 05:25:00 +0000 2018,0.0,0.844,0.156,".@POTUS: ‚ÄúWe have come certainly a long way, at least rhetorically, with North Korea.‚Äù https://t.co/lCILbcOER6",48,FOXNews
348,-0.4019,Wed Mar 07 05:20:00 +0000 2018,0.162,0.838,0.0,Rugby player who swallowed garden slug as dare fights Australia government over health bills https://t.co/HCUPqoGAnA,49,FOXNews
349,0.0,Wed Mar 07 05:19:12 +0000 2018,0.0,1.0,0.0,Peyton Manning unloads his Papa John's franchises in Denver area https://t.co/FCAvXheAGa,50,FOXNews
350,0.0,Wed Mar 07 05:15:00 +0000 2018,0.0,1.0,0.0,Saudi Arabia hosted its first road race for women https://t.co/YgTmPJqc3N,51,FOXNews
351,0.25,Wed Mar 07 05:10:00 +0000 2018,0.075,0.8,0.125,"OPINION:  #Trump boldly wades into cutting federal government down to size -- will it work?, via @CalThomas https://t.co/R3V6dg3JBf",52,FOXNews
352,0.0,Wed Mar 07 05:05:00 +0000 2018,0.0,1.0,0.0,".@kayleighmcenany: ""Dreamers and DACA recipients are a pawn to [Democrats]."" https://t.co/OTXrNCollP https://t.co/plztDXBpk6",53,FOXNews
353,0.6908,Wed Mar 07 05:00:01 +0000 2018,0.0,0.695,0.305,"On #TheStory with @marthamaccallum Tuesday, @Sen_JoeManchin praised @POTUS' tariff proposal, saying he supports the‚Ä¶ https://t.co/q6K3cpYZbQ",54,FOXNews
354,-0.6369,Wed Mar 07 04:50:36 +0000 2018,0.464,0.536,0.0,Texas police officer faces human smuggling charges https://t.co/OTEYscKxFl,55,FOXNews
355,-0.4767,Wed Mar 07 04:41:31 +0000 2018,0.291,0.582,0.127,Woman claims airport security confiscated her gun necklace because it was 'potentially dangerous' https://t.co/F01JJRmZpc,56,FOXNews
356,0.0,Wed Mar 07 04:25:59 +0000 2018,0.0,1.0,0.0,.@AdamLaxalt: ‚ÄúThis is common sense that our law enforcement locally needs to work with the federal authorities to‚Ä¶ https://t.co/wKIgJtrIRh,57,FOXNews
357,-0.25,Wed Mar 07 04:18:40 +0000 2018,0.146,0.75,0.104,.@pnjaban on California being sued by #Trump admin for violating federal law: ‚ÄúIt‚Äôs just like any other federal law‚Ä¶ https://t.co/4qx5d8goAT,58,FOXNews
358,-0.5994,Wed Mar 07 03:59:03 +0000 2018,0.17,0.83,0.0,".@AmbJohnBolton: ""I don't think #Trump wants a trade war. I think he wants to say to people: When you make commitme‚Ä¶ https://t.co/SKhmlPEbW4",59,FOXNews
359,0.7269,Wed Mar 07 03:52:19 +0000 2018,0.0,0.567,0.433,Democrats hoping strong turnout spurs them in deep-red Texas https://t.co/WMieVh8yMc,60,FOXNews
360,0.2732,Wed Mar 07 03:28:25 +0000 2018,0.0,0.884,0.116,".@IngrahamAngle: ""North Korea is signaling a willingness to hold talks...You think that that would have happened wi‚Ä¶ https://t.co/GtYtkkx9HG",61,FOXNews
361,0.0,Wed Mar 07 03:22:48 +0000 2018,0.0,1.0,0.0,".@IngrahamAngle: ""#DonaldTrump - in politics - is an innovator and he's not afraid to break with the establishment'‚Ä¶ https://t.co/LgV6ytVa1e",62,FOXNews
362,-0.3182,Wed Mar 07 03:11:08 +0000 2018,0.204,0.796,0.0,".@SenSanders' stepdaughter loses bid for mayor of Burlington, Vermont https://t.co/3X3PaOFbKJ",63,FOXNews
363,0.4939,Wed Mar 07 02:58:34 +0000 2018,0.0,0.833,0.167,"JUST IN: Stormy Daniels sues #Trump, says 'hush agreement' is invalid because he didn't sign it https://t.co/WnLmnmRjxw",64,FOXNews
364,0.0,Wed Mar 07 02:51:33 +0000 2018,0.0,1.0,0.0,What to know about the incoming nor'easter https://t.co/GM7OTy4JCd,65,FOXNews
365,0.0,Wed Mar 07 02:45:39 +0000 2018,0.0,1.0,0.0,.@POTUS defended his tariff announcement during a joint press conference with the Swedish Prime Minister on Tuesday‚Ä¶ https://t.co/bEvcgT9Wk0,66,FOXNews
366,0.0,Wed Mar 07 02:34:28 +0000 2018,0.0,1.0,0.0,TUNE IN: @ShannonBream is live in Sacramento. Watch @foxnewsnight tonight at 11pm ET! https://t.co/rEuEn0gp4G,67,FOXNews
367,0.0,Wed Mar 07 02:15:31 +0000 2018,0.0,1.0,0.0,BREAKING: #Trump's @TheJusticeDept sues California over 'interference' with immigration enforcement https://t.co/2GROjC9cI6,68,FOXNews
368,-0.5719,Wed Mar 07 01:55:26 +0000 2018,0.264,0.628,0.109,".@DLoesch: ""Here we're looking at multiple systemic failures coming from the government that failed to protect us.‚Ä¶ https://t.co/qG8mz1VweP",69,FOXNews
369,0.4215,Wed Mar 07 01:42:09 +0000 2018,0.0,0.851,0.149,.@Walmart employee Sabrina Barnes recently brought down the house with a powerful rendition of ‚ÄúThe Star-Spangled B‚Ä¶ https://t.co/W0ESErky00,70,FOXNews
370,-0.2263,Wed Mar 07 01:32:58 +0000 2018,0.148,0.741,0.111,"Joe diGenova on need for special counsel to probe FISA abuses: ""The inspector general, to whom this investigation h‚Ä¶ https://t.co/6zjJApR83Q",71,FOXNews
371,-0.5994,Wed Mar 07 01:23:46 +0000 2018,0.262,0.738,0.0,.@USArmy pledges reform after IG finds hundreds of war dogs mishandled https://t.co/n4qt1jERuZ,72,FOXNews
372,-0.5267,Wed Mar 07 01:12:14 +0000 2018,0.221,0.779,0.0,Steelworkers' President: @POTUS' Trade Policy Will Punish 'Evildoers' in Int'l Market  #TheStory https://t.co/QVU3sFMOfa,73,FOXNews
373,0.0,Wed Mar 07 01:02:53 +0000 2018,0.0,1.0,0.0,"Stoneman Douglas High School student Kyle Kashuv: ‚ÄúWe have to focus first on what we can achieve, and that is bipar‚Ä¶ https://t.co/7PXeTIGEtM",74,FOXNews
374,0.4939,Wed Mar 07 00:52:14 +0000 2018,0.0,0.842,0.158,WATCH: Police and firefighters used their life-saving skills to save a 9-week-old Saint Bernard puppy that was chok‚Ä¶ https://t.co/klWB8fQTsA,75,FOXNews
375,-0.4973,Wed Mar 07 00:43:18 +0000 2018,0.199,0.801,0.0,.@RepPeteKing: ‚ÄúI‚Äôve never supported a special counsel before. I think in this case it is essential that there be o‚Ä¶ https://t.co/yh6Nj7uMU7,76,FOXNews
376,0.2144,Wed Mar 07 00:35:32 +0000 2018,0.0,0.866,0.134,".@RepRatcliffe: ‚ÄúA second special counsel is not just appropriate, but necessary.‚Äù #TheStory https://t.co/iUyIBUPYIr",77,FOXNews
377,0.0,Wed Mar 07 00:26:19 +0000 2018,0.0,1.0,0.0,".@Sen_JoeManchin: ‚ÄúWe have a president that has the spine to start saying ‚ÄòWait a minute, we‚Äôve been taken advantag‚Ä¶ https://t.co/GRTRUzONmH",78,FOXNews
378,-0.5574,Wed Mar 07 00:15:11 +0000 2018,0.184,0.816,0.0,.@Sen_JoeManchin: ‚Äú‚Ä¶These trade wars. I don‚Äôt think that will happen. I think they‚Äôll sit down and re-evaluate the‚Ä¶ https://t.co/FgNutYe2RM,79,FOXNews
379,0.128,Wed Mar 07 00:02:12 +0000 2018,0.105,0.766,0.129,.@TGowdySC &amp; @RepGoodlatte Call for Special Counsel on FISA: Current Probe 'Has No Jurisdiction' Over 24 Witnesses‚Ä¶ https://t.co/98gLN4S6Mm,80,FOXNews
380,0.2023,Tue Mar 06 23:46:49 +0000 2018,0.0,0.878,0.122,"RT @MikeEmanuelFox: Lawmakers look to fine tune President Trump's tariff proposal-from #SpecialReport tonight:

https://t.co/HiDK32yC3f",81,FOXNews
381,0.5267,Tue Mar 06 23:43:20 +0000 2018,0.0,0.833,0.167,".@BillHemmer to @TGowdySC and @RepGoodlatte: ""Do you have evidence the Department of Justice was spying on the‚Ä¶ https://t.co/fCOCgX3ggF",82,FOXNews
382,0.7003,Tue Mar 06 23:30:10 +0000 2018,0.0,0.746,0.254,".@RepGoodlatte: ""In order to set the record straight, clear what is going on at the @FBI, and make sure this does n‚Ä¶ https://t.co/JpZQ0Brppe",83,FOXNews
383,-0.4404,Tue Mar 06 23:25:39 +0000 2018,0.24,0.644,0.116,.@TGowdySC explains why he's calling for a special counsel to investigate alleged bias and FISA abuse inside the‚Ä¶ https://t.co/2MrQQJu6kp,84,FOXNews
384,-0.34,Tue Mar 06 23:07:48 +0000 2018,0.167,0.833,0.0,"Gary Cohn, White House chief economic adviser, to resign - via @brookefoxnews  @johnrobertsFox 
https://t.co/oI0r9YL1xC",85,FOXNews
385,0.0,Tue Mar 06 23:03:33 +0000 2018,0.0,1.0,0.0,.@POTUS on Russian Interference in 2018: 'We'll Counteract Whatever They Do' https://t.co/ehfgjrlD3A,86,FOXNews
386,-0.5574,Tue Mar 06 22:54:36 +0000 2018,0.205,0.795,0.0,"RT @FoxNewsResearch: Recent White House Turnover:
‚ÄîDepartures/Planned Departures‚Äî
‚Ä¢Staff Secretary Rob Porter
‚Ä¢Speechwriter David Sorensen‚Ä¶",87,FOXNews
387,0.0,Tue Mar 06 22:50:00 +0000 2018,0.0,1.0,0.0,World's oldest message in a bottle discovered on Australian beach https://t.co/q7R7SJYq8x,88,FOXNews
388,-0.34,Tue Mar 06 22:45:56 +0000 2018,0.179,0.821,0.0,"BREAKING: Gary Cohn, White House chief economic adviser, to resign  https://t.co/4TAF2MpTBR https://t.co/XQD9GWYN0d",89,FOXNews
389,-0.34,Tue Mar 06 22:45:23 +0000 2018,0.287,0.562,0.152,"Gowdy, Goodlatte demand appointment of special counsel, citing FISA abuses - via @brookefoxnews 
https://t.co/9q3Q3YBayU",90,FOXNews
390,-0.1531,Tue Mar 06 22:42:03 +0000 2018,0.182,0.682,0.136,BREAKING: Gary Cohn to resign as #Trump's top economic adviser https://t.co/x7cuQlwd8c,91,FOXNews
391,-0.4019,Tue Mar 06 22:32:22 +0000 2018,0.162,0.838,0.0,Rugby player who swallowed garden slug as dare fights Australia government over health bills https://t.co/EfOGsc4Zwt,92,FOXNews
392,0.0516,Tue Mar 06 22:23:53 +0000 2018,0.151,0.685,0.164,"Cochran resignation leaves both Mississippi Senate seats in play - via @brookefoxnews
https://t.co/KFevLskB8O",93,FOXNews
393,0.0516,Tue Mar 06 22:22:51 +0000 2018,0.146,0.696,0.158,"Trump on turbulence in the West Wing: 'I like conflict' - via @brookefoxnews 
https://t.co/JGb0D9vfVG",94,FOXNews
394,0.2732,Tue Mar 06 22:16:31 +0000 2018,0.0,0.9,0.1,".@kimguilfoyle on North Korea‚Äôs potential willingness to talk to U.S., halt nuclear tests: ‚ÄúWhy not sit at the tabl‚Ä¶ https://t.co/BMTFRzzBkB",95,FOXNews
395,-0.4019,Tue Mar 06 22:06:10 +0000 2018,0.225,0.695,0.08,Michael Flynn selling home to pay for legal fees after pleading guilty in Trump probe https://t.co/5BYJjRgKpU,96,FOXNews
396,0.3182,Tue Mar 06 21:45:38 +0000 2018,0.13,0.628,0.242,.@GovEdRendell: 'Huge Trouble' for @GOP If Pro-Life Dem Comes Close in PA Special Election  @OutnumberedOT https://t.co/Ovrp3q36JW,97,FOXNews
397,0.3612,Tue Mar 06 21:28:04 +0000 2018,0.07,0.793,0.137,".@POTUS: ""The Russians had no impact on our votes whatsoever, but certainly there was meddling...You have to be rea‚Ä¶ https://t.co/CAyhpWzLT0",98,FOXNews
398,0.7845,Tue Mar 06 21:20:20 +0000 2018,0.0,0.655,0.345,".@POTUS: ""The @WhiteHouse has tremendous energy. It has tremendous spirit. It is a great place to be working...Beli‚Ä¶ https://t.co/iasiB8Z1fQ",99,FOXNews
399,0.25,Tue Mar 06 21:12:10 +0000 2018,0.0,0.895,0.105,".@POTUS: ""Our country has been taken advantage of by everybody...and we cannot let that happen any longer."" https://t.co/j84vXFhphr",100,FOXNews
400,-0.3875,Wed Mar 07 09:02:03 +0000 2018,0.208,0.792,0.0,"Stormy Daniels files suit, claiming Trump never signed ""hush agreement"" https://t.co/M7cjoMjSYQ",1,nytimes
401,-0.5994,Wed Mar 07 08:47:02 +0000 2018,0.187,0.813,0.0,"RT @nytimesworld: As North Korea opens the door to diplomacy, an assassination leads to new American sanctions https://t.co/5EbNUH1qLJ",2,nytimes
402,-0.3612,Wed Mar 07 08:32:07 +0000 2018,0.2,0.8,0.0,"Low-effort, high-reward cooking for when you're hungry and exhausted https://t.co/BisvP4ThKl https://t.co/BFtCXRh0IA",3,nytimes
403,0.0,Wed Mar 07 08:17:02 +0000 2018,0.0,1.0,0.0,RT @AKannapell: What We‚Äôre Reading: @JaneMayerNYer on Christopher Steele (via @jimrutenberg) and @nkulish on tallness in @topicstories (via‚Ä¶,4,nytimes
404,0.4019,Wed Mar 07 08:09:43 +0000 2018,0.0,0.816,0.184,TRENDING: How Skipping Hotel Housekeeping Can Help the Environment and Your Wallet https://t.co/xygqPAPdZD,5,nytimes
405,0.0,Wed Mar 07 08:02:03 +0000 2018,0.0,1.0,0.0,"In one of China‚Äôs biggest cities, the women-only subway cars are full of men https://t.co/yvtLlhRESu",6,nytimes
406,0.0,Wed Mar 07 07:38:54 +0000 2018,0.0,1.0,0.0,"The actress Cynthia Nixon is talking with 2 veteran Democratic political operatives, a sign that she may be moving‚Ä¶ https://t.co/DUSvcFYKbv",7,nytimes
407,0.0,Wed Mar 07 07:21:27 +0000 2018,0.0,1.0,0.0,One famous designer chair is oozing goop. Another has exploded into puffs of foam. A bookcase‚Äôs shelves bubbled as‚Ä¶ https://t.co/3PXFWCB6Fn,8,nytimes
408,0.4404,Wed Mar 07 07:04:23 +0000 2018,0.0,0.868,0.132,"""It's always good news when you find penguins,"" a researcher says of the discovery of 1.5 million Ad√©lie penguins i‚Ä¶ https://t.co/RRHHQZW7LO",9,nytimes
409,0.4404,Wed Mar 07 06:48:04 +0000 2018,0.0,0.813,0.187,RT @nytimesworld: North Korea‚Äôs sudden willingness to bargain with the Trump administration over scrapping the North's atomic arsenal raise‚Ä¶,10,nytimes
410,0.0,Wed Mar 07 06:41:56 +0000 2018,0.0,1.0,0.0,"Texas Democrats Surge to Polls, in Show of Anti-Trump Sentiment https://t.co/PBsqMXisUY",11,nytimes
411,-0.8316,Wed Mar 07 06:21:01 +0000 2018,0.496,0.372,0.132,The organizer of the failed Fyre Festival pleaded guilty to federal fraud charges https://t.co/qCeFSNOPKz,12,nytimes
412,0.3182,Wed Mar 07 06:03:13 +0000 2018,0.086,0.769,0.145,"A cruise skeptic tries to enjoy 4 days on the high seas with his family, Mickey and a bunch of princesses https://t.co/novYdBgYIt",13,nytimes
413,0.4588,Wed Mar 07 05:47:04 +0000 2018,0.094,0.726,0.179,"RT @nytimestravel: Did @jadabird, our 52 Places Traveler, love @DisneySprings. No. But she did have some magical moments. https://t.co/eojt‚Ä¶",14,nytimes
414,0.0,Wed Mar 07 05:32:02 +0000 2018,0.0,1.0,0.0,How the shape of your ears affects what you hear https://t.co/Dzj8tebpZE,15,nytimes
415,0.3895,Wed Mar 07 05:17:02 +0000 2018,0.077,0.743,0.18,"RT @nytopinion: I got my son involuntarily committed, and it backfired. Laws like the Baker Act aren't a solution to our mental health cris‚Ä¶",16,nytimes
416,0.0,Wed Mar 07 05:02:10 +0000 2018,0.0,1.0,0.0,Here's the 2018 election calendar https://t.co/eEQxkRTuXK,17,nytimes
417,-0.7717,Wed Mar 07 04:58:41 +0000 2018,0.518,0.314,0.168,Organizer of Failed Fyre Festival Pleads Guilty to Fraud https://t.co/trsShlQG88,18,nytimes
418,0.0,Wed Mar 07 04:47:04 +0000 2018,0.0,1.0,0.0,"An employee at OpenTable booked hundreds of tables at Chicago restaurants, using a rival service, with the intent o‚Ä¶ https://t.co/83eBHqdn0t",19,nytimes
419,0.0,Wed Mar 07 04:32:05 +0000 2018,0.0,1.0,0.0,Texas primary election live results https://t.co/coi5RTaSHU,20,nytimes
420,-0.6249,Wed Mar 07 04:17:05 +0000 2018,0.242,0.758,0.0,"RT @MichaelPaulson: A ‚ÄòFrozen‚Äô bond: heartbreak, hard choices and high notes as Elsa and Anna arrive on Broadway. https://t.co/0YzLqsZ0ex",21,nytimes
421,0.0,Wed Mar 07 04:02:02 +0000 2018,0.0,1.0,0.0,"On the 20th anniversary of ‚ÄúThe Big Lebowski,‚Äù here's a list of streamable movies that follow in the footsteps of e‚Ä¶ https://t.co/q75khuckpv",22,nytimes
422,-0.3875,Wed Mar 07 03:48:08 +0000 2018,0.208,0.792,0.0,"Stormy Daniels files suit, claiming Trump never signed ""hush agreement"" https://t.co/PMNv95mel1",23,nytimes
423,-0.3818,Wed Mar 07 03:36:04 +0000 2018,0.106,0.894,0.0,"In the fight for equality, the U.S. women‚Äôs soccer team has emerged as a new kind of role model for women‚Äôs teams f‚Ä¶ https://t.co/o7rvCNUag2",24,nytimes
424,0.7003,Wed Mar 07 03:26:04 +0000 2018,0.0,0.736,0.264,RT @mattbpurdy: This is an important development. A possible link between the United Arab Emirates and Trump is helping Mueller in a new ph‚Ä¶,25,nytimes
425,-0.7506,Wed Mar 07 03:17:06 +0000 2018,0.274,0.726,0.0,"RT @nytpolitics: President Trump was infuriated by Gary Cohn‚Äôs decision to resign, denouncing him in private conversations as a ‚Äúglobalist‚Äù‚Ä¶",26,nytimes
426,0.0,Wed Mar 07 03:02:06 +0000 2018,0.0,1.0,0.0,"‚ÄúWho made history?‚Äù chanted the throng of red-clad West Virginia teachers, who had defied state officials by stagin‚Ä¶ https://t.co/QSW38TPcPi",27,nytimes
427,0.0,Wed Mar 07 02:47:04 +0000 2018,0.0,1.0,0.0,Texas primary election live results https://t.co/359hlxZEqI,28,nytimes
428,0.3818,Wed Mar 07 02:32:03 +0000 2018,0.0,0.867,0.133,"2-year-old Parker Curry, who captivated the internet with her reaction to Michelle Obama‚Äôs official portrait, got t‚Ä¶ https://t.co/gvKUu4Bp0O",29,nytimes
429,0.6597,Wed Mar 07 02:18:04 +0000 2018,0.173,0.531,0.296,RT @samdolnick: Matthew Ornstein was my childhood best friend. He died because of severe gaps in our mental health care system. His very sm‚Ä¶,30,nytimes
430,0.3182,Wed Mar 07 02:06:53 +0000 2018,0.102,0.732,0.166,Breaking News: The Justice Department is suing California over immigration laws that oppose President Trump's agend‚Ä¶ https://t.co/EneN6FIURj,31,nytimes
431,0.0,Wed Mar 07 02:02:05 +0000 2018,0.0,1.0,0.0,Evening Briefing: Here's what you need to know at the end of the day https://t.co/ordmqNjItR,32,nytimes
432,-0.8316,Wed Mar 07 01:47:01 +0000 2018,0.496,0.372,0.132,The organizer of the failed Fyre Festival pleaded guilty to federal fraud charges https://t.co/Evw6Deugfe,33,nytimes
433,0.2732,Wed Mar 07 01:32:07 +0000 2018,0.155,0.559,0.286,Your yard might play a surprisingly large role in fighting climate change https://t.co/ZtShJ61GEc,34,nytimes
434,0.0,Wed Mar 07 01:17:07 +0000 2018,0.0,1.0,0.0,Texas primary election live results https://t.co/jVvL9hRsF8,35,nytimes
435,0.0,Wed Mar 07 01:02:06 +0000 2018,0.0,1.0,0.0,"RT @nytgraphics: Watch live results from the Texas primaries, starting at 8 p.m. Eastern. https://t.co/CzTGFtmpUy",36,nytimes
436,0.0,Wed Mar 07 00:51:04 +0000 2018,0.0,1.0,0.0,Keep this page open for Texas primary election results when they come in https://t.co/A2mSbaV3BH,37,nytimes
437,0.7269,Wed Mar 07 00:47:01 +0000 2018,0.0,0.757,0.243,"RT @nytimesbooks: Gabriel Garcia Marquez wrote ""Love in the Time of Cholera"" as a nostalgic exploration of his parents' courtship. The auth‚Ä¶",38,nytimes
438,0.0,Wed Mar 07 00:32:06 +0000 2018,0.0,1.0,0.0,"Porsche has introduced a new all-electric vehicle, attempting to go head-to-head with Tesla https://t.co/XpKWkdqQQo",39,nytimes
439,0.0516,Wed Mar 07 00:17:06 +0000 2018,0.081,0.83,0.09,"Most Americans expect artificial intelligence to lead to job losses in the coming decade, but few see it coming for‚Ä¶ https://t.co/DKgdPLNRQk",40,nytimes
440,0.4019,Wed Mar 07 00:06:04 +0000 2018,0.0,0.886,0.114,"RT @amyfiscus: NEW: George Nader, the UAE adviser who grew close to Bannon and Kushner, is cooperating with the special counsel https://t.c‚Ä¶",41,nytimes
441,0.5574,Tue Mar 06 23:57:35 +0000 2018,0.0,0.827,0.173,An adviser to the United Arab Emirates grew close to top White House aides. Now he is said to be cooperating with t‚Ä¶ https://t.co/NzSVpcskt2,42,nytimes
442,0.4019,Tue Mar 06 23:54:40 +0000 2018,0.0,0.863,0.137,RT @adamgoldmanNYT: Breaking news: Adviser to Emirates With Ties to Trump Aides Is Cooperating With Special Counsel https://t.co/xr8QRjKtDu,43,nytimes
443,0.0,Tue Mar 06 23:47:01 +0000 2018,0.0,1.0,0.0,Evening Briefing: Here's what you need to know at the end of the day https://t.co/MAerJC6Nu4,44,nytimes
444,0.0,Tue Mar 06 23:32:04 +0000 2018,0.0,1.0,0.0,"The actress Cynthia Nixon is talking with 2 veteran Democratic political operatives, a sign that she may be moving‚Ä¶ https://t.co/zR9zcBxVBw",45,nytimes
445,0.4939,Tue Mar 06 23:17:04 +0000 2018,0.0,0.868,0.132,"RT @Nate_Cohn: NYT election night results for the Texas primary. Polls close at 8 eastern, and early votes should come pretty quick    http‚Ä¶",46,nytimes
446,0.2023,Tue Mar 06 23:03:04 +0000 2018,0.0,0.878,0.122,Here are the top officials in the Trump White House who have left https://t.co/CBoskDdasx,47,nytimes
447,0.8074,Tue Mar 06 22:51:00 +0000 2018,0.0,0.672,0.328,"‚ÄúHe is a rare talent, and I thank him for his dedicated service to the American people,‚Äù President Trump said about‚Ä¶ https://t.co/1O40Gky0F5",48,nytimes
448,0.0085,Tue Mar 06 22:41:06 +0000 2018,0.239,0.519,0.242,RT @katekelly: SCOOP: Gary Cohn resigns https://t.co/x4zPzVN8iO,49,nytimes
449,-0.1531,Tue Mar 06 22:32:35 +0000 2018,0.119,0.792,0.089,"Breaking News: Gary Cohn, President Trump‚Äôs top economic adviser, plans to resign. His free-trade views clashed wit‚Ä¶ https://t.co/8tBWrKAi9d",50,nytimes
450,-0.2263,Tue Mar 06 22:30:22 +0000 2018,0.23,0.588,0.182,RT @maggieNYT: scoop - Cohn resigning  Gary Cohn to Resign as Trump‚Äôs Top Economic adviser https://t.co/tS8iJRse6X,51,nytimes
451,0.0,Tue Mar 06 22:17:03 +0000 2018,0.0,1.0,0.0,Uber said its self-driving trucks had been carrying cargo on highways in Arizona for commercial freight customers o‚Ä¶ https://t.co/kj8GqYyiDW,52,nytimes
452,0.0,Tue Mar 06 21:56:01 +0000 2018,0.0,1.0,0.0,"RT @NYTObits: Alan Gershwin, a man who insisted for 70 years or so that he was the illegitimate son of George Gershwin, and who made a virt‚Ä¶",53,nytimes
453,0.0,Tue Mar 06 21:42:03 +0000 2018,0.0,1.0,0.0,"An employee at OpenTable booked hundreds of tables at Chicago restaurants, using a rival service, with the intent o‚Ä¶ https://t.co/H2kPuXg4RY",54,nytimes
454,-0.296,Tue Mar 06 21:28:06 +0000 2018,0.104,0.896,0.0,China was mentioned only in broad terms when Trump announced plans to impose tariffs on steel and aluminum imports.‚Ä¶ https://t.co/hyIKpH14Yu,55,nytimes
455,0.6344,Tue Mar 06 21:18:08 +0000 2018,0.0,0.812,0.188,"RT @BasseyE: There are few things more essentially joyful than an NYT comments section about Mr. Rodgers. 

https://t.co/cCFv57KRjF https:/‚Ä¶",56,nytimes
456,-0.3612,Tue Mar 06 21:08:04 +0000 2018,0.2,0.8,0.0,"Low-effort, high-reward cooking for when you're hungry and exhausted https://t.co/bZIEYqKJqs https://t.co/GW2KJO3SFJ",57,nytimes
457,-0.1027,Tue Mar 06 20:53:06 +0000 2018,0.142,0.733,0.125,"Bill Clinton, George Bush and Barack Obama have all experienced bursts of hope and then inevitable disappointment i‚Ä¶ https://t.co/yJylpWJvhe",58,nytimes
458,-0.7906,Tue Mar 06 20:38:04 +0000 2018,0.292,0.708,0.0,An Indian-born engineer was fatally shot last year after a Kansas man angrily asked him about his immigration statu‚Ä¶ https://t.co/WvKSe2gdlk,59,nytimes
459,0.4939,Tue Mar 06 20:23:06 +0000 2018,0.0,0.811,0.189,"While hosting Benjamin Netanyahu, Trump said he still had ‚Äúa good chance‚Äù of forging peace, but a deal seems furthe‚Ä¶ https://t.co/HfdLV6W7fS",60,nytimes
460,0.0,Tue Mar 06 20:08:05 +0000 2018,0.0,1.0,0.0,They've never run a restaurant before. But they're bringing Sanjeev Kapoor's cooking to America. https://t.co/kwL0W6LKng,61,nytimes
461,-0.5267,Tue Mar 06 19:53:03 +0000 2018,0.152,0.848,0.0,"For the first time, a Belgian criminal court has convicted a man of ‚Äúsexism in the public space‚Äù for verbally abusi‚Ä¶ https://t.co/EFst3EANcJ",62,nytimes
462,0.0,Tue Mar 06 19:38:05 +0000 2018,0.0,1.0,0.0,An NYT reader's reaction to Kim Jong-un reportedly telling South Korea he is willing to negotiate with the U.S. on‚Ä¶ https://t.co/lc7e7x6odK,63,nytimes
463,0.0,Tue Mar 06 19:23:03 +0000 2018,0.0,1.0,0.0,"On the 20th Anniversary of ‚ÄúThe Big Lebowski,‚Äù here's a list of streamable movies that follow in the footsteps of e‚Ä¶ https://t.co/oLwo4JfXS5",64,nytimes
464,-0.5574,Tue Mar 06 19:13:05 +0000 2018,0.126,0.874,0.0,"RT @NYTArchives: The artist Georgia O'Keeffe died at age 98 on this day in 1986. In her obituary, The Times said that ""she raised the aware‚Ä¶",65,nytimes
465,-0.2263,Tue Mar 06 19:03:05 +0000 2018,0.139,0.861,0.0,West Virginia lawmakers passed a 5% pay raise in a deal to end a teachers' strike that has shuttered schools for ne‚Ä¶ https://t.co/Uw3ySmhWeU,66,nytimes
466,0.2023,Tue Mar 06 18:48:32 +0000 2018,0.0,0.913,0.087,The corruption trial of a former top aide to Governor Andrew Cuomo could be headed to a mistrial after jurors said‚Ä¶ https://t.co/PNcdu5Uzse,67,nytimes
467,-0.1027,Tue Mar 06 18:20:12 +0000 2018,0.085,0.915,0.0,"RT @NYTNational: ‚ö°Ô∏è ‚ÄúWest Virginia leaders say a deal to raise teachers‚Äô pay may end strike‚Äù

https://t.co/NSjb9xC5Ym",68,nytimes
468,-0.4215,Tue Mar 06 18:10:09 +0000 2018,0.256,0.56,0.184,"If the mainstream media is a perennial enemy of the right, Big Tech is a fresh and novel foe https://t.co/LmKL26lpDo",69,nytimes
469,0.2411,Tue Mar 06 17:55:27 +0000 2018,0.0,0.897,0.103,"The destinies of Alexander Litvinenko and Sergei Skripal carry similarities that can't be ignored, offering proof t‚Ä¶ https://t.co/JvUPrzEFVx",70,nytimes
470,0.0,Tue Mar 06 17:40:06 +0000 2018,0.0,1.0,0.0,RT @cliffordlevy: .@nytimes put out a call for contributors because we wanted to elevate the voices of college students and recent graduate‚Ä¶,71,nytimes
471,-0.2732,Tue Mar 06 17:30:21 +0000 2018,0.1,0.9,0.0,"Forecasters warned up to a foot of snow could fall in parts of New York, New Jersey, Connecticut and Massachusetts https://t.co/AYbdk58zDE",72,nytimes
472,0.0,Tue Mar 06 17:20:11 +0000 2018,0.0,1.0,0.0,"RT @NYTArchives: A look back at our film review of ""The Big Lebowski"" which published on this day 20 years ago. https://t.co/wy3gpv6ACJ htt‚Ä¶",73,nytimes
473,0.0,Tue Mar 06 17:07:48 +0000 2018,0.0,1.0,0.0,"‚ÄúBringing all of these women together, meeting and seeing each other for who we are ... that‚Äôs healing‚Äù‚Ä¶ https://t.co/4VCkhHpcpZ",74,nytimes
474,0.0,Tue Mar 06 17:06:47 +0000 2018,0.0,1.0,0.0,"For some players, the team is the first step in learning about their families. Christine Phillips-Ryburn, a.k.a. ‚ÄúW‚Ä¶ https://t.co/hsvLm3LXGj",75,nytimes
475,-0.4168,Tue Mar 06 17:04:42 +0000 2018,0.127,0.873,0.0,"For these women, representing Team Indigenous at the Roller Derby World Cup is not just about winning.¬†Sasheen Wesl‚Ä¶ https://t.co/c4yM3oo62D",76,nytimes
476,0.4118,Tue Mar 06 17:01:43 +0000 2018,0.0,0.867,0.133,"‚ÄúEven though we‚Äôre all from different nations, we all have this shared history of being indigenous people.‚Äù ‚Äî Laura‚Ä¶ https://t.co/q01ub072pU",77,nytimes
477,0.0,Tue Mar 06 17:00:08 +0000 2018,0.0,1.0,0.0,"‚ÄúStrong! Resilient! Indigenous!‚Äù chants Victoria Lynn Major, a.k.a. ‚ÄúRage,‚Äù with the team before a game‚Ä¶ https://t.co/w00MmueVHj",78,nytimes
478,0.4215,Tue Mar 06 16:58:10 +0000 2018,0.0,0.851,0.149,"‚ÄúWhen I talk about decolonizing roller derby, I talk about recognizing that opportunity and access exist in roller‚Ä¶ https://t.co/IeXaYhZ1k0",79,nytimes
479,0.0,Tue Mar 06 16:55:50 +0000 2018,0.0,1.0,0.0,"They are astronomers, lawyers, postal workers, heavy machine operators and grandmothers. Meet the roller derby athl‚Ä¶ https://t.co/DP6F6IOiW1",80,nytimes
480,0.0,Tue Mar 06 16:53:20 +0000 2018,0.0,1.0,0.0,"Team Indigenous, which includes 20 athletes from indigenous communities in Canada, the U.S., South America, New Zea‚Ä¶ https://t.co/PBUpIt2IYn",81,nytimes
481,-0.8519,Tue Mar 06 16:45:04 +0000 2018,0.329,0.671,0.0,"RT @abscribe: Last summer, I profiled Sunayana Dumala, the widow of a hate crime victim in Kansas. Months later, I went back for a public f‚Ä¶",82,nytimes
482,-0.3182,Tue Mar 06 16:35:05 +0000 2018,0.103,0.897,0.0,"He spoke of a subpoena, then gave odd TV interviews. But will Sam Nunberg, an ex-Trump aide, testify in the Russia‚Ä¶ https://t.co/bUDmh3ieBR",83,nytimes
483,-0.4767,Tue Mar 06 16:25:06 +0000 2018,0.19,0.733,0.077,RT @NYTNational: Mayor Megan Barry of Nashville pleaded guilty to theft of property and agreed to resign on Tuesday. She had faced question‚Ä¶,84,nytimes
484,-0.34,Tue Mar 06 16:10:04 +0000 2018,0.118,0.882,0.0,"Following a string of mass shootings and nationwide calls for gun control in recent weeks, Bumble is banning images‚Ä¶ https://t.co/PTyjUPQ87v",85,nytimes
485,0.0,Tue Mar 06 16:05:36 +0000 2018,0.0,1.0,0.0,Late-Night Roundup: Stephen Colbert went to town on Sam Nunberg's numerous interviews on whether he would comply wi‚Ä¶ https://t.co/eX8T6RKGFa,86,nytimes
486,0.3291,Tue Mar 06 15:55:03 +0000 2018,0.0,0.879,0.121,"Happy Birthday, Gabriel Garc√≠a M√°rquez.

From December: M√°rquez's literary remains may be in Texas, but a new digit‚Ä¶ https://t.co/Py3fIZ0p2J",87,nytimes
487,0.1779,Tue Mar 06 15:40:15 +0000 2018,0.0,0.918,0.082,"If Martin Shkreli can't come up with the $7 million he owes the government, his assets ‚Äîincluding a one-of-a-kind W‚Ä¶ https://t.co/vGvd4PJyxU",88,nytimes
488,0.0,Tue Mar 06 15:25:04 +0000 2018,0.0,1.0,0.0,"Broadcom‚Äôs efforts to buy Qualcomm may have been stymied, as U.S. officials said the Singapore firm‚Äôs bid could pos‚Ä¶ https://t.co/05lDqXfT6C",89,nytimes
489,-0.4215,Tue Mar 06 15:10:06 +0000 2018,0.118,0.882,0.0,"Paul Ryan has modeled himself as the face of a new brand of conservatism, but critics say he is too deferential to‚Ä¶ https://t.co/NPP4A43yO1",90,nytimes
490,0.0,Tue Mar 06 14:55:00 +0000 2018,0.0,1.0,0.0,"New York Times reporter @DanBilefsky recently returned to his hometown, Montreal, to write about Canada. Next week,‚Ä¶ https://t.co/NSab3Vrzs5",91,nytimes
491,0.4767,Tue Mar 06 14:45:07 +0000 2018,0.0,0.838,0.162,"‚ÄúEveryone in Montreal is proud of Leonard Cohen ‚Äî the French, the English; he is sacred here"" https://t.co/mzw4EUVbxr",92,nytimes
492,0.0,Tue Mar 06 14:30:08 +0000 2018,0.0,1.0,0.0,"Over 5 months after Hurricane Maria plowed through Puerto Rico, some parts of the island are still in the dark. It‚Ä¶ https://t.co/0VmYng0hCf",93,nytimes
493,-0.5719,Tue Mar 06 14:15:03 +0000 2018,0.222,0.778,0.0,President Trump pushed back against reports that his White House is in chaos https://t.co/Y9riFXzyfC,94,nytimes
494,0.5574,Tue Mar 06 13:45:11 +0000 2018,0.0,0.841,0.159,15 remarkable books by women that are shaping the way we read and write fiction in the 21st century https://t.co/hJ2bfFj0GU,95,nytimes
495,0.0,Tue Mar 06 13:30:20 +0000 2018,0.0,1.0,0.0,Morning Briefing: Here's what you need to know to start your day https://t.co/b1jtS4G59o,96,nytimes
496,0.0,Tue Mar 06 13:16:03 +0000 2018,0.0,1.0,0.0,"RT @NYTNational: Should Florida's teachers be armed? Lawmakers seem against the idea, but they will consider allowing librarians, counselor‚Ä¶",97,nytimes
497,-0.5423,Tue Mar 06 13:02:07 +0000 2018,0.246,0.632,0.123,"First Ray, then Patsy, now Joe. After a period of peace, another pizza war has broken out in New York City. https://t.co/rcKlbhE3c3",98,nytimes
498,0.3182,Tue Mar 06 12:47:02 +0000 2018,0.086,0.769,0.145,"A cruise skeptic tries to enjoy 4 days on the high seas with his family, Mickey and a bunch of princesses https://t.co/IOhiRotXfS",99,nytimes
499,0.25,Tue Mar 06 12:33:04 +0000 2018,0.155,0.655,0.19,"""The greatest challenge to lasting weight loss is the fact that no one can give up eating. Rather, one has to learn‚Ä¶ https://t.co/bPS4HEpCMw",100,nytimes
